sugar_content,caffeine_content,acidity_level,carbonation_level,soda_type
90,42,43,6.502985292000001,Coca_Cola
85,58,41,7.038096361,Coca_Cola
60,55,44,7.840207144,Coca_Cola
74,35,40,6.980400905,Coca_Cola
78,42,42,7.628472891,Coca_Cola
69,37,42,7.073453503,Coca_Cola
69,55,38,5.70080568,Coca_Cola
94,53,40,5.718627177999999,Coca_Cola
89,54,38,6.685346424,Coca_Cola
68,58,38,6.336253525,Coca_Cola
91,53,40,5.386167788,Coca_Cola
90,46,42,7.50283396,Coca_Cola
78,58,44,5.108681786,Coca_Cola
93,56,36,6.98435366,Coca_Cola
94,50,37,6.94801983,Coca_Cola
60,48,39,7.042299068999999,Coca_Cola
85,38,41,6.2490506560000005,Coca_Cola
91,35,39,6.970859754,Coca_Cola
77,38,36,5.953933276,Coca_Cola
88,35,40,5.85393208,Coca_Cola
89,45,36,6.442475375,Coca_Cola
76,40,43,5.070175667,Coca_Cola
67,59,41,6.012632591,Coca_Cola
83,41,43,6.254028451,Coca_Cola
98,47,37,7.375482851,Coca_Cola
66,53,41,7.778915154,Coca_Cola
97,59,43,6.2865001760000006,Coca_Cola
97,50,41,7.070959995,Coca_Cola
60,49,44,6.244841491,Coca_Cola
84,51,35,6.043304899,Coca_Cola
73,57,41,5.824709117,Coca_Cola
92,35,40,6.3573893660000005,Coca_Cola
85,37,39,6.364134967999999,Coca_Cola
98,53,38,5.01450727,Coca_Cola
88,54,44,6.149410611,Coca_Cola
95,55,42,5.950660556,Coca_Cola
99,57,35,5.960370061,Coca_Cola
95,39,36,5.561398642,Coca_Cola
60,43,44,7.416245107000001,Coca_Cola
63,44,41,5.583370042,Coca_Cola
62,42,36,6.430010215,Coca_Cola
64,45,43,5.534878156,Coca_Cola
83,60,36,6.903985986,Coca_Cola
82,40,40,6.271478837999999,Coca_Cola
85,52,45,7.224285503,Coca_Cola
91,35,38,6.13428721,Coca_Cola
76,49,42,5.206373153,Coca_Cola
74,39,38,7.782051312999999,Coca_Cola
79,43,39,7.062779015,Coca_Cola
88,55,45,7.730367824,Coca_Cola
60,36,43,5.286203711000001,Coca_Cola
76,60,39,6.766240045,Coca_Cola
93,56,42,7.382762603,Coca_Cola
65,60,43,5.658169482000001,Coca_Cola
95,52,36,5.543360237999999,Coca_Cola
75,38,39,6.215109715,Coca_Cola
74,54,38,7.120272972,Coca_Cola
91,36,45,5.950647577000001,Coca_Cola
71,46,40,7.236705436,Coca_Cola
99,55,35,6.501697816,Coca_Cola
72,40,38,7.592490617,Coca_Cola
83,58,45,5.875345751,Coca_Cola
93,58,38,6.932400225,Coca_Cola
70,36,42,6.9462098810000015,Coca_Cola
76,47,42,5.739175027000001,Coca_Cola
99,41,36,6.738652179,Coca_Cola
99,54,37,5.5948196260000005,Coca_Cola
86,59,35,6.946636369,Coca_Cola
69,46,41,5.012139669,Coca_Cola
91,56,37,6.363472207999999,Coca_Cola
61,52,41,6.880431223,Coca_Cola
67,45,38,7.300410836,Coca_Cola
79,42,37,6.587918707999999,Coca_Cola
78,43,42,7.283736617000001,Coca_Cola
75,54,36,7.023936392,Coca_Cola
97,36,45,6.939083505,Coca_Cola
67,47,44,7.868474653,Coca_Cola
73,35,38,5.005306977,Coca_Cola
77,36,37,6.136131869,Coca_Cola
81,41,38,7.5240800760000015,Coca_Cola
68,57,43,5.706943251,Coca_Cola
72,45,35,5.758506323,Coca_Cola
61,53,43,6.349606327,Coca_Cola
67,43,39,5.9999690260000005,Coca_Cola
67,58,39,5.453592032,Coca_Cola
66,60,38,6.372576327000001,Coca_Cola
82,43,38,5.105588355,Coca_Cola
84,50,44,5.9353444060000005,Coca_Cola
81,53,42,5.17782304,Coca_Cola
91,50,40,6.462391607000001,Coca_Cola
93,53,38,7.069172227,Coca_Cola
90,44,38,7.473134377,Coca_Cola
81,45,35,6.158376967000001,Coca_Cola
78,40,38,7.549873681,Coca_Cola
60,51,36,6.028321557999999,Coca_Cola
88,46,42,6.604993475,Coca_Cola
93,47,37,6.500343222000001,Coca_Cola
60,55,45,5.935745417000001,Coca_Cola
78,35,44,7.072655622,Coca_Cola
65,37,40,5.333322606,Coca_Cola
71,54,16,5.7499144210000015,Pepsi
61,44,17,6.931756557999999,Pepsi
80,43,16,6.657964753,Pepsi
73,58,21,6.596060648,Pepsi
61,38,20,5.970458434,Pepsi
68,41,16,6.158830619,Pepsi
93,41,17,6.047906679,Pepsi
89,60,19,5.913664501,Pepsi
76,44,17,5.855442401,Pepsi
67,60,25,5.750254943,Pepsi
70,44,19,5.852607099,Pepsi
90,49,21,6.4725232870000005,Pepsi
62,52,16,6.9670577620000005,Pepsi
92,44,16,6.082973754,Pepsi
66,54,21,5.919045532,Pepsi
63,58,22,6.204747652999999,Pepsi
70,47,17,6.600827017,Pepsi
61,41,17,6.021902237000001,Pepsi
66,53,19,6.033550195,Pepsi
74,55,19,6.28886807,Pepsi
77,57,21,6.550563822999999,Pepsi
99,50,15,5.573286437,Pepsi
74,56,22,6.829199275,Pepsi
83,45,21,5.716222912,Pepsi
100,48,16,5.54990242,Pepsi
79,51,16,6.586244581,Pepsi
94,39,18,5.893093135,Pepsi
75,49,15,5.918263801,Pepsi
78,48,22,5.588650585,Pepsi
87,54,20,6.576418207000001,Pepsi
87,35,25,6.178056304,Pepsi
63,43,19,6.641906353,Pepsi
84,57,25,6.489040367,Pepsi
64,35,23,5.680361037999999,Pepsi
60,46,22,6.625404347999999,Pepsi
98,44,21,6.524478032,Pepsi
75,56,18,5.696205468,Pepsi
86,55,21,6.803931519,Pepsi
98,35,18,6.252797547999999,Pepsi
76,57,18,6.092725883,Pepsi
99,56,17,6.234330356,Pepsi
60,44,23,5.722579819,Pepsi
74,48,17,6.430616465,Pepsi
89,60,17,5.983952675,Pepsi
69,51,23,6.80163854,Pepsi
96,46,22,6.499936446,Pepsi
61,60,15,6.265564338,Pepsi
74,58,18,6.727303282,Pepsi
74,43,23,6.325235159,Pepsi
63,43,17,6.807487794,Pepsi
99,36,20,6.671085817000001,Pepsi
77,36,23,6.648725327,Pepsi
87,60,23,6.439071996,Pepsi
60,38,17,6.474476516,Pepsi
94,54,17,5.871647806,Pepsi
95,38,22,5.730617109,Pepsi
84,44,21,5.850439831,Pepsi
77,58,19,5.791649933,Pepsi
66,44,20,6.740000687999999,Pepsi
63,35,16,6.272417541,Pepsi
79,45,20,5.715208817000001,Pepsi
72,60,25,5.773454729,Pepsi
67,51,24,5.584171461,Pepsi
86,36,24,5.787268394,Pepsi
76,48,18,5.77597783,Pepsi
75,53,18,6.864793607,Pepsi
81,45,23,6.192360002999999,Pepsi
73,45,21,6.636803222999999,Pepsi
71,35,24,5.826426917,Pepsi
96,54,22,6.960358276,Pepsi
99,39,18,6.11275104,Pepsi
62,48,20,6.708446922,Pepsi
86,37,16,5.561510732,Pepsi
94,50,19,5.873242491,Pepsi
76,39,24,6.995843776,Pepsi
77,52,17,5.714799723,Pepsi
74,39,23,6.78073637,Pepsi
81,49,20,5.513697923,Pepsi
63,42,21,5.798423907999999,Pepsi
99,38,21,6.352471866,Pepsi
90,52,25,6.822586546,Pepsi
68,40,19,6.655426355,Pepsi
60,57,24,6.1212940410000005,Pepsi
71,52,18,5.790770202999999,Pepsi
61,59,17,6.47444292,Pepsi
88,38,15,6.455116637000001,Pepsi
65,60,22,6.6069840860000015,Pepsi
78,37,22,6.330554389,Pepsi
78,58,15,6.5286312660000005,Pepsi
92,60,23,5.721667141,Pepsi
79,59,17,6.644205485,Pepsi
91,55,15,6.376651091,Pepsi
76,51,18,6.247040422,Pepsi
87,48,25,6.656730007999999,Pepsi
71,60,22,6.2048017,Pepsi
90,57,24,6.158860284,Pepsi
67,35,22,6.385684213999999,Pepsi
60,54,19,6.417820493,Pepsi
83,58,23,6.381201909,Pepsi
83,57,19,6.877869005,Pepsi
40,72,77,7.485996067,Sprite
23,72,84,6.920251378,Sprite
39,58,85,5.9969320370000005,Sprite
22,72,85,6.391173589,Sprite
36,67,77,7.152811172000001,Sprite
32,73,81,5.988992796000002,Sprite
58,70,84,6.231049027999999,Sprite
59,70,84,7.550808267000001,Sprite
42,62,75,7.010570541,Sprite
28,74,81,8.753795334,Sprite
58,66,79,8.718192847000001,Sprite
43,66,79,7.976607593,Sprite
58,63,81,6.515499548999999,Sprite
23,62,85,8.490127142,Sprite
27,62,77,6.576415562,Sprite
28,72,84,6.481783042999999,Sprite
50,56,76,7.966605025,Sprite
39,71,84,8.140825437,Sprite
25,78,76,7.228963452,Sprite
31,70,77,6.492546046,Sprite
26,80,83,7.528599957000001,Sprite
25,68,77,7.701446446,Sprite
31,78,76,8.519975748,Sprite
60,68,83,6.620900869,Sprite
59,62,83,8.104396057999999,Sprite
22,67,78,6.204090835,Sprite
36,65,80,6.051091339,Sprite
59,60,84,7.690962337999999,Sprite
54,77,85,7.8292111439999985,Sprite
43,68,81,6.761599706,Sprite
28,76,82,6.654425315,Sprite
42,79,85,6.129533877,Sprite
32,60,83,8.829273328,Sprite
22,78,76,8.621662982,Sprite
31,79,75,8.204862075,Sprite
28,58,81,6.18042747,Sprite
57,58,77,7.978996755,Sprite
49,55,78,7.863113671,Sprite
46,76,77,6.967843048,Sprite
54,61,77,6.206582192999999,Sprite
38,60,76,8.868741443,Sprite
59,55,79,8.766128654,Sprite
36,76,75,8.736337905,Sprite
57,68,81,8.081095263,Sprite
35,66,81,6.138243973,Sprite
35,64,78,7.496645259,Sprite
52,60,79,8.380185271,Sprite
27,76,83,6.289614016,Sprite
57,60,84,6.586777189,Sprite
52,68,78,6.89655198,Sprite
43,79,79,7.8067476560000015,Sprite
44,74,85,7.150681303,Sprite
24,55,78,6.64919573,Sprite
29,77,75,7.778591617999999,Sprite
20,60,78,6.358740355,Sprite
56,67,78,8.255450758,Sprite
37,66,85,6.456148474,Sprite
49,71,76,6.613072145,Sprite
59,69,80,8.165359297,Sprite
20,79,77,7.64867466,Sprite
24,56,85,6.545888558,Sprite
51,72,75,7.1042247970000005,Sprite
57,73,85,7.358099622,Sprite
22,64,82,6.4740245000000005,Sprite
52,73,79,7.840339388999999,Sprite
29,75,75,7.064790365,Sprite
44,59,78,7.599033472,Sprite
41,69,82,6.715587232000001,Sprite
52,56,85,6.81712422,Sprite
34,76,80,7.985417393,Sprite
42,74,83,7.545258424,Sprite
34,71,79,7.728998197,Sprite
27,73,79,7.354973451,Sprite
30,70,79,7.313122235,Sprite
57,57,75,7.785039076,Sprite
27,79,82,6.307004922999999,Sprite
32,71,85,6.4039823160000005,Sprite
31,76,82,7.599279991,Sprite
33,75,84,7.217018459,Sprite
47,80,77,7.561108006,Sprite
54,62,80,7.489545074,Sprite
47,79,78,6.609696734,Sprite
35,57,83,7.476800943,Sprite
53,73,77,7.325451279,Sprite
45,61,78,6.489389282,Sprite
37,78,79,7.786366322,Sprite
30,75,81,6.4084378860000015,Sprite
37,55,82,8.423873703,Sprite
53,65,76,8.719960893,Sprite
22,60,85,7.811997977000001,Sprite
60,61,78,6.317153205,Sprite
42,67,77,7.114405288,Sprite
39,76,76,8.135900726000001,Sprite
35,63,76,7.714153037999999,Sprite
30,65,82,7.103798069,Sprite
57,56,78,8.861479668,Sprite
48,65,78,7.861128148,Sprite
36,56,83,7.4526709,Sprite
40,58,75,7.168096055,Sprite
49,69,82,7.26311855,Sprite
13,60,25,5.68597166,Fanta_Orange
25,70,16,5.759237003,Fanta_Orange
31,55,22,5.873171894,Fanta_Orange
40,64,16,5.926676985,Fanta_Orange
2,61,20,5.95561668,Fanta_Orange
26,65,22,5.9499490810000015,Fanta_Orange
17,57,21,5.789214288999999,Fanta_Orange
26,80,18,5.581021521,Fanta_Orange
17,59,17,5.689858133,Fanta_Orange
27,59,22,5.794158503999999,Fanta_Orange
28,58,24,5.748190462999999,Fanta_Orange
25,57,19,5.566522896,Fanta_Orange
28,80,17,5.809419584,Fanta_Orange
25,60,22,5.887263027,Fanta_Orange
12,78,23,5.99812453,Fanta_Orange
6,77,25,5.792744849,Fanta_Orange
22,79,17,5.912289889,Fanta_Orange
27,80,15,5.7883869510000014,Fanta_Orange
10,55,23,5.728233081,Fanta_Orange
23,65,20,5.833940084,Fanta_Orange
19,78,16,5.967533236,Fanta_Orange
19,65,25,5.6250964460000015,Fanta_Orange
22,70,19,5.515615023,Fanta_Orange
37,64,22,5.954665349,Fanta_Orange
11,71,17,5.74644777,Fanta_Orange
18,79,20,5.877347515,Fanta_Orange
21,63,17,5.979973965,Fanta_Orange
24,80,22,5.635993966,Fanta_Orange
34,60,22,5.635231778,Fanta_Orange
16,75,21,5.679224346,Fanta_Orange
17,77,23,5.670062975,Fanta_Orange
37,72,18,5.724242065,Fanta_Orange
40,73,20,5.811314232000001,Fanta_Orange
9,77,17,5.783425416,Fanta_Orange
1,62,23,5.607808432000001,Fanta_Orange
33,59,22,5.946999529,Fanta_Orange
23,59,19,5.852046999,Fanta_Orange
6,62,22,5.824090984,Fanta_Orange
25,63,20,5.502999119,Fanta_Orange
7,79,23,5.821649914,Fanta_Orange
8,72,17,5.711439256,Fanta_Orange
27,64,15,5.514927264,Fanta_Orange
28,66,23,5.99616119,Fanta_Orange
32,57,18,5.695422862999999,Fanta_Orange
27,56,22,5.833010957999999,Fanta_Orange
17,77,24,5.568456899,Fanta_Orange
0,65,15,5.645435626,Fanta_Orange
13,72,21,5.821194486,Fanta_Orange
34,60,23,5.659254981,Fanta_Orange
9,80,19,5.945465949,Fanta_Orange
11,72,20,5.9511774520000005,Fanta_Orange
3,67,24,5.520880013999999,Fanta_Orange
35,69,23,5.578410206,Fanta_Orange
3,77,25,5.608165195,Fanta_Orange
23,62,19,5.609435127999999,Fanta_Orange
22,71,17,5.509295379,Fanta_Orange
31,79,25,5.902033406,Fanta_Orange
34,59,18,5.744117663,Fanta_Orange
12,63,17,5.717143397,Fanta_Orange
27,56,20,5.542690119,Fanta_Orange
7,63,24,5.858617867,Fanta_Orange
24,67,22,5.618844277000001,Fanta_Orange
11,71,24,5.6066203460000015,Fanta_Orange
37,74,15,5.582178402,Fanta_Orange
25,76,24,5.56503533,Fanta_Orange
34,66,17,5.889614577000001,Fanta_Orange
20,69,15,5.934136378,Fanta_Orange
37,65,16,5.683548308,Fanta_Orange
18,74,15,5.70836603,Fanta_Orange
4,67,25,5.948164454,Fanta_Orange
37,56,25,5.774755143999999,Fanta_Orange
5,59,15,5.97229163,Fanta_Orange
11,61,21,5.532100554,Fanta_Orange
22,80,20,5.669560726,Fanta_Orange
12,61,19,5.655726817000001,Fanta_Orange
5,74,21,5.591704013999999,Fanta_Orange
27,69,22,5.932323085,Fanta_Orange
31,75,18,5.824208308999999,Fanta_Orange
36,68,20,5.86442953,Fanta_Orange
5,65,16,5.866744372,Fanta_Orange
32,79,15,5.706198621,Fanta_Orange
11,78,22,5.940546818,Fanta_Orange
0,55,22,5.916779289,Fanta_Orange
14,59,15,5.779090476,Fanta_Orange
29,68,23,5.82738029,Fanta_Orange
32,68,19,5.514234138,Fanta_Orange
17,64,17,5.662699104,Fanta_Orange
13,69,19,5.86390397,Fanta_Orange
14,67,22,5.624690247999999,Fanta_Orange
9,69,20,5.591560999,Fanta_Orange
20,73,22,5.976312537999999,Fanta_Orange
40,78,20,5.669236258,Fanta_Orange
27,72,23,5.961934481,Fanta_Orange
14,67,15,5.690065688,Fanta_Orange
7,56,18,5.698371311,Fanta_Orange
27,65,18,5.59503163,Fanta_Orange
30,63,16,5.5259045260000015,Fanta_Orange
37,70,25,5.819403771,Fanta_Orange
27,63,19,5.562201934,Fanta_Orange
22,60,24,5.630664753,Fanta_Orange
3,72,24,6.03160778,Mountain_Dew
40,59,23,5.269084669,Mountain_Dew
33,73,23,5.985792703,Mountain_Dew
27,57,24,6.09186275,Mountain_Dew
10,79,18,5.624731337999999,Mountain_Dew
30,75,25,6.446091759,Mountain_Dew
40,70,20,5.623490042999999,Mountain_Dew
38,55,19,5.864623352000001,Mountain_Dew
35,58,20,5.761702519,Mountain_Dew
38,61,21,4.696518678,Mountain_Dew
33,58,24,5.269504214,Mountain_Dew
16,56,17,7.445444882999999,Mountain_Dew
31,72,17,5.833031707999999,Mountain_Dew
16,80,20,7.3393209289999986,Mountain_Dew
27,72,17,6.347929353,Mountain_Dew
40,62,19,4.697750704,Mountain_Dew
18,58,16,4.962661422,Mountain_Dew
3,68,16,4.964887857,Mountain_Dew
26,67,24,5.642813116,Mountain_Dew
16,70,20,5.6093956,Mountain_Dew
24,63,19,4.681576043,Mountain_Dew
9,76,25,5.70951224,Mountain_Dew
16,55,19,6.413543781,Mountain_Dew
28,75,21,6.007508163,Mountain_Dew
16,71,24,4.946369874,Mountain_Dew
24,70,21,5.517208078,Mountain_Dew
38,72,21,5.902103172,Mountain_Dew
9,66,21,5.719889876,Mountain_Dew
34,56,17,4.548202098,Mountain_Dew
1,76,19,6.6695294160000005,Mountain_Dew
6,69,19,4.7509292180000005,Mountain_Dew
26,73,21,4.946263888,Mountain_Dew
27,61,18,5.266227032,Mountain_Dew
27,71,23,7.10959773,Mountain_Dew
36,61,21,5.617008201,Mountain_Dew
17,73,18,5.632353113,Mountain_Dew
26,72,22,4.674941549,Mountain_Dew
17,64,16,7.161797643,Mountain_Dew
14,74,19,6.624966131,Mountain_Dew
39,60,15,5.004074623999999,Mountain_Dew
6,66,15,6.3458060110000005,Mountain_Dew
8,59,18,6.216814453,Mountain_Dew
2,67,18,5.921666758,Mountain_Dew
1,76,17,6.012719118,Mountain_Dew
16,73,19,4.684079249,Mountain_Dew
23,75,25,7.077170002000001,Mountain_Dew
32,70,20,6.208843215,Mountain_Dew
28,59,22,7.05181629,Mountain_Dew
5,62,23,4.722222454,Mountain_Dew
36,67,25,6.418062652000001,Mountain_Dew
1,66,23,4.803564468,Mountain_Dew
24,73,20,4.608695247,Mountain_Dew
17,67,18,5.611510977000001,Mountain_Dew
5,55,18,7.322097972000001,Mountain_Dew
5,56,24,5.023115055,Mountain_Dew
37,77,17,5.617122801,Mountain_Dew
13,73,20,5.391560417999999,Mountain_Dew
6,63,23,5.906596905,Mountain_Dew
16,77,22,6.574209678,Mountain_Dew
25,64,20,4.807776748999999,Mountain_Dew
34,75,24,4.760038038999999,Mountain_Dew
20,77,23,5.180271502,Mountain_Dew
35,80,25,4.895927306,Mountain_Dew
14,75,24,6.436160044,Mountain_Dew
36,80,21,7.066087261,Mountain_Dew
7,77,18,6.655918077999999,Mountain_Dew
29,78,25,5.982854522999999,Mountain_Dew
30,60,21,5.457871272999999,Mountain_Dew
20,74,16,4.759490199,Mountain_Dew
19,57,23,7.342409555,Mountain_Dew
3,60,19,4.820788186000001,Mountain_Dew
5,77,19,6.242052013,Mountain_Dew
5,68,20,5.001038726,Mountain_Dew
37,73,21,5.560224582999999,Mountain_Dew
9,59,24,4.747352458,Mountain_Dew
20,72,15,7.313517308,Mountain_Dew
31,56,23,5.661826398,Mountain_Dew
0,70,21,4.672437054,Mountain_Dew
21,74,15,6.471862118,Mountain_Dew
13,67,18,5.384762927000001,Mountain_Dew
27,74,20,5.8598134160000015,Mountain_Dew
29,72,24,6.962386495,Mountain_Dew
5,68,20,6.12166671,Mountain_Dew
39,57,19,6.421748487,Mountain_Dew
22,62,16,4.828936119,Mountain_Dew
18,55,23,6.98571967,Mountain_Dew
39,77,21,4.603563116,Mountain_Dew
13,75,20,6.979540061,Mountain_Dew
27,71,24,7.064973419,Mountain_Dew
26,64,22,5.16516459,Mountain_Dew
23,55,16,5.111488821,Mountain_Dew
4,69,19,5.374358869,Mountain_Dew
20,67,19,5.671419084,Mountain_Dew
7,74,17,5.667419697000001,Mountain_Dew
17,64,18,6.07938452,Mountain_Dew
35,71,17,6.931924962999999,Mountain_Dew
11,72,22,6.842744374,Mountain_Dew
20,60,22,6.876572502999999,Mountain_Dew
10,71,18,6.151029296,Mountain_Dew
33,61,24,4.567446499,Mountain_Dew
3,49,18,3.692863601,Dr_Pepper
22,59,23,4.371745575,Dr_Pepper
36,58,25,8.399135957999999,Dr_Pepper
4,43,18,8.840656256,Dr_Pepper
29,54,16,8.153022903,Dr_Pepper
32,43,22,5.270749441,Dr_Pepper
14,55,15,8.050304395,Dr_Pepper
5,35,20,9.679240873,Dr_Pepper
25,57,24,6.974978386,Dr_Pepper
11,53,24,7.39389918,Dr_Pepper
40,49,17,6.68727523,Dr_Pepper
38,56,25,7.88118645,Dr_Pepper
27,43,23,5.875333778,Dr_Pepper
24,38,22,8.202706015,Dr_Pepper
23,45,21,8.985348193,Dr_Pepper
29,57,20,5.87707519,Dr_Pepper
31,35,23,7.707595055,Dr_Pepper
0,55,25,4.524171562,Dr_Pepper
7,45,22,9.926212291,Dr_Pepper
17,58,25,6.455592696,Dr_Pepper
11,44,17,8.016210782,Dr_Pepper
22,49,22,3.71105919,Dr_Pepper
9,51,19,5.49091063,Dr_Pepper
28,48,15,9.254089438,Dr_Pepper
26,50,19,6.005242945,Dr_Pepper
36,56,20,7.437078236,Dr_Pepper
8,60,18,3.808429173,Dr_Pepper
24,37,21,5.818219385,Dr_Pepper
22,43,24,4.52363558,Dr_Pepper
36,43,24,3.510404312,Dr_Pepper
22,44,24,6.030447288,Dr_Pepper
17,43,22,5.498340807999999,Dr_Pepper
8,45,15,4.61136408,Dr_Pepper
7,56,23,5.545219232000001,Dr_Pepper
36,57,16,8.292875733999999,Dr_Pepper
11,45,19,3.828031463,Dr_Pepper
6,36,22,8.869532817,Dr_Pepper
17,57,20,3.793575185,Dr_Pepper
4,47,20,4.193189124,Dr_Pepper
9,49,16,7.661537347999999,Dr_Pepper
25,51,24,9.392694614,Dr_Pepper
36,44,21,4.516154055,Dr_Pepper
21,38,20,5.794289715,Dr_Pepper
37,57,20,7.354286985,Dr_Pepper
32,48,18,5.993513566,Dr_Pepper
29,44,20,8.620107545,Dr_Pepper
25,51,18,9.45949344,Dr_Pepper
10,44,24,8.0344125,Dr_Pepper
23,35,18,5.414492777,Dr_Pepper
9,60,23,6.2760043360000015,Dr_Pepper
3,58,21,9.160691747,Dr_Pepper
22,42,22,7.887658711,Dr_Pepper
12,39,21,8.183844843,Dr_Pepper
39,36,22,9.072011412,Dr_Pepper
32,41,16,7.702287236,Dr_Pepper
30,41,15,5.88509677,Dr_Pepper
19,36,22,6.16496284,Dr_Pepper
4,46,15,3.504752314,Dr_Pepper
21,39,20,7.388007482999999,Dr_Pepper
35,57,25,8.340398059,Dr_Pepper
22,55,24,8.66077954,Dr_Pepper
35,51,17,3.558822825,Dr_Pepper
17,56,17,5.9565851,Dr_Pepper
28,57,17,9.416003106,Dr_Pepper
22,36,16,8.18422855,Dr_Pepper
11,41,19,5.131779302,Dr_Pepper
38,38,18,6.294130312999999,Dr_Pepper
23,37,24,7.991902443,Dr_Pepper
25,35,20,8.923095695,Dr_Pepper
40,45,20,6.878498176,Dr_Pepper
23,58,19,5.243634848999999,Dr_Pepper
2,56,23,7.550090941,Dr_Pepper
3,56,17,8.709291687999999,Dr_Pepper
26,51,25,7.792508067999999,Dr_Pepper
39,42,20,8.055908857999999,Dr_Pepper
27,59,20,4.397698806,Dr_Pepper
24,45,19,5.9523849570000005,Dr_Pepper
7,40,17,8.532078732999999,Dr_Pepper
15,45,23,7.224193642,Dr_Pepper
26,52,23,4.931890506,Dr_Pepper
20,45,16,4.626212446,Dr_Pepper
34,54,24,5.026003659,Dr_Pepper
19,51,25,3.5253661,Dr_Pepper
29,41,21,8.86979671,Dr_Pepper
20,50,22,9.406887533,Dr_Pepper
11,40,23,5.80428611,Dr_Pepper
15,54,15,8.35495812,Dr_Pepper
35,55,22,8.634929739,Dr_Pepper
9,59,25,7.699200949,Dr_Pepper
40,45,18,5.261285926,Dr_Pepper
35,38,19,9.112771682,Dr_Pepper
14,58,17,4.605700542,Dr_Pepper
40,55,18,7.115994051,Dr_Pepper
18,36,23,7.214078621,Dr_Pepper
35,52,15,9.93509073,Dr_Pepper
4,59,22,8.914074888,Dr_Pepper
22,51,16,8.639586199,Dr_Pepper
33,47,17,8.621514073,Dr_Pepper
2,51,17,5.838508699,Dr_Pepper
16,51,21,3.532008668,Dr_Pepper
19,55,20,7.18530147,Seven_Up
8,54,20,7.034214276,Seven_Up
36,55,20,6.635968697999999,Seven_Up
10,56,16,6.828187498999998,Seven_Up
22,56,17,6.89077995,Seven_Up
9,57,24,7.165121108999998,Seven_Up
34,59,23,6.935804256,Seven_Up
31,51,25,7.196774236,Seven_Up
0,49,18,6.990095452,Seven_Up
21,39,20,7.064782137999999,Seven_Up
28,35,22,7.156563094,Seven_Up
17,52,17,6.364967184,Seven_Up
24,42,23,6.428054409,Seven_Up
28,46,16,6.664187809,Seven_Up
21,38,21,6.637677489,Seven_Up
34,60,25,6.79385576,Seven_Up
19,53,22,6.852884642999999,Seven_Up
31,58,15,7.121571293,Seven_Up
19,35,24,6.883308033,Seven_Up
24,53,17,6.421271178,Seven_Up
13,47,20,6.54450214,Seven_Up
31,53,16,6.452006451,Seven_Up
28,45,23,6.489259136,Seven_Up
31,37,21,6.713410626,Seven_Up
33,60,15,6.510840928,Seven_Up
34,45,21,6.2873801170000005,Seven_Up
13,57,25,6.86308576,Seven_Up
33,57,17,6.78415271,Seven_Up
32,57,22,6.769415887999999,Seven_Up
23,59,25,6.320768488,Seven_Up
35,41,18,6.705008503999999,Seven_Up
6,48,24,6.790736339,Seven_Up
29,36,25,7.130278657000001,Seven_Up
4,36,22,7.012740397000001,Seven_Up
10,59,22,7.1556850160000005,Seven_Up
14,48,21,6.991242362,Seven_Up
8,50,21,6.218923893,Seven_Up
20,40,15,7.199495367999999,Seven_Up
36,43,22,6.3898821660000005,Seven_Up
14,57,15,6.623438282,Seven_Up
11,60,23,7.033012777000001,Seven_Up
10,59,15,6.32400451,Seven_Up
7,60,25,6.397636709,Seven_Up
2,47,15,6.401455706,Seven_Up
20,45,22,6.904587016,Seven_Up
2,39,15,6.478557136,Seven_Up
27,40,24,7.063022095,Seven_Up
35,48,15,6.981758362000001,Seven_Up
4,59,25,6.227134139,Seven_Up
1,48,24,6.232836962,Seven_Up
36,43,21,7.140437859,Seven_Up
11,46,24,6.459252023,Seven_Up
34,47,19,6.568795403999999,Seven_Up
21,44,18,7.12851089,Seven_Up
17,58,20,6.42937879,Seven_Up
25,40,21,6.248900919,Seven_Up
2,38,18,6.619891497999999,Seven_Up
9,48,20,6.377568542000001,Seven_Up
37,49,25,6.415459592,Seven_Up
36,38,15,6.3206620120000006,Seven_Up
40,58,15,6.978400282000001,Seven_Up
30,44,16,6.442335592999999,Seven_Up
1,59,23,7.184398832,Seven_Up
9,48,22,6.402926221,Seven_Up
14,41,17,7.085982325,Seven_Up
35,52,19,6.698574085,Seven_Up
31,48,17,6.594739424,Seven_Up
4,41,20,6.647965508,Seven_Up
30,37,25,7.120032489,Seven_Up
9,35,20,6.91380932,Seven_Up
20,41,20,7.073048264,Seven_Up
37,50,23,6.5304707,Seven_Up
34,35,21,6.684381357,Seven_Up
14,37,15,6.581351374,Seven_Up
23,39,22,6.86483915,Seven_Up
5,45,21,6.487124217000001,Seven_Up
22,37,20,6.605733067999999,Seven_Up
40,51,17,6.860602782000001,Seven_Up
27,56,20,6.41874299,Seven_Up
31,40,22,6.365513634,Seven_Up
38,36,21,6.5563729660000005,Seven_Up
6,37,17,6.760694227999999,Seven_Up
6,47,18,6.715276662999999,Seven_Up
24,44,17,6.666380512000001,Seven_Up
25,59,19,6.626629798,Seven_Up
32,56,21,6.702772465,Seven_Up
8,45,18,7.011030515,Seven_Up
19,39,17,6.890156495,Seven_Up
39,37,15,6.821747052,Seven_Up
33,37,19,7.183189922,Seven_Up
26,54,17,6.27258822,Seven_Up
21,51,15,6.679127482,Seven_Up
22,54,20,6.689825155,Seven_Up
29,45,16,6.583381939,Seven_Up
4,40,21,6.725551062,Seven_Up
10,37,22,7.069747813999999,Seven_Up
4,44,19,6.921993877999999,Seven_Up
20,45,17,6.770955317,Seven_Up
23,45,23,6.983130466,Seven_Up
25,48,21,6.267684328,Seven_Up
56,79,15,7.454532137,Fanta_Grape
25,62,21,7.040056094,Fanta_Grape
42,61,22,7.418650668,Fanta_Grape
42,73,25,6.501869314,Fanta_Grape
44,58,18,6.814410927999999,Fanta_Grape
50,55,16,7.581442888,Fanta_Grape
35,72,21,7.741418772,Fanta_Grape
30,64,20,6.573531614,Fanta_Grape
27,64,21,7.543804222999999,Fanta_Grape
50,74,17,6.5408208,Fanta_Grape
39,73,24,7.22405917,Fanta_Grape
57,67,25,7.551364319,Fanta_Grape
52,63,19,6.928898659,Fanta_Grape
55,66,22,7.747775262999999,Fanta_Grape
51,56,18,6.706505915,Fanta_Grape
36,66,15,6.668238556,Fanta_Grape
59,55,19,7.332375138,Fanta_Grape
50,58,23,7.596802025,Fanta_Grape
30,65,25,7.70650895,Fanta_Grape
20,62,18,7.366542647,Fanta_Grape
58,71,15,6.919243702,Fanta_Grape
25,71,24,7.187721817999999,Fanta_Grape
52,71,16,7.0758864720000005,Fanta_Grape
40,63,18,6.74441168,Fanta_Grape
20,60,25,6.726469087999999,Fanta_Grape
48,61,21,6.628264883,Fanta_Grape
49,68,22,7.127064207,Fanta_Grape
48,62,15,7.538631462000001,Fanta_Grape
32,66,17,7.162357641,Fanta_Grape
21,63,22,6.859409487000001,Fanta_Grape
20,72,19,7.397190844,Fanta_Grape
25,65,21,6.880245789,Fanta_Grape
41,78,21,6.581313137,Fanta_Grape
53,67,17,7.296972161,Fanta_Grape
39,60,21,6.97297656,Fanta_Grape
25,76,17,7.241148507,Fanta_Grape
21,78,19,6.92009048,Fanta_Grape
57,60,17,7.504608385,Fanta_Grape
56,75,15,7.152272256,Fanta_Grape
49,72,15,7.137004749,Fanta_Grape
24,80,19,6.8080417220000005,Fanta_Grape
49,76,18,7.393631868,Fanta_Grape
28,68,19,7.69950698,Fanta_Grape
55,78,21,6.602888248999999,Fanta_Grape
50,64,25,6.734447425,Fanta_Grape
34,80,19,6.521217963,Fanta_Grape
20,68,23,7.707332484,Fanta_Grape
55,67,16,6.596719015,Fanta_Grape
23,70,15,7.403623355,Fanta_Grape
53,74,15,7.517097,Fanta_Grape
26,67,16,7.17620823,Fanta_Grape
33,80,22,6.593961761,Fanta_Grape
37,79,19,7.143942758,Fanta_Grape
33,75,21,6.690655045,Fanta_Grape
22,55,20,7.423530351,Fanta_Grape
20,68,17,6.578714842999999,Fanta_Grape
43,68,20,7.497469256,Fanta_Grape
44,76,22,7.775306272000001,Fanta_Grape
34,60,16,7.322555222999999,Fanta_Grape
21,72,17,7.580527339,Fanta_Grape
25,68,19,7.1084501210000015,Fanta_Grape
41,62,15,7.358974541,Fanta_Grape
28,65,23,7.405176138,Fanta_Grape
35,64,15,6.500144962,Fanta_Grape
52,58,16,7.167435834,Fanta_Grape
58,75,25,7.261791753,Fanta_Grape
34,66,19,7.586642101,Fanta_Grape
52,70,16,7.534811832999999,Fanta_Grape
23,57,19,7.251000789,Fanta_Grape
42,58,25,6.513620917999999,Fanta_Grape
37,62,17,7.121254928,Fanta_Grape
44,75,22,7.574561547,Fanta_Grape
21,80,20,7.350869792,Fanta_Grape
56,76,16,7.5131510760000015,Fanta_Grape
29,76,15,7.0256077060000015,Fanta_Grape
43,61,20,6.804253866,Fanta_Grape
55,60,15,7.163043872,Fanta_Grape
44,63,15,7.338929556,Fanta_Grape
29,67,21,6.621323612,Fanta_Grape
47,63,16,6.661870999,Fanta_Grape
40,68,17,7.733149554,Fanta_Grape
58,61,15,7.402891666,Fanta_Grape
41,74,18,6.599147297999999,Fanta_Grape
58,79,17,7.04174124,Fanta_Grape
27,62,24,7.353876754,Fanta_Grape
27,60,17,7.026795358999999,Fanta_Grape
52,65,20,6.814301033,Fanta_Grape
44,55,25,7.42160832,Fanta_Grape
21,62,24,6.8473828910000005,Fanta_Grape
60,59,22,7.191522601,Fanta_Grape
33,77,21,7.01285529,Fanta_Grape
59,58,17,7.368318809,Fanta_Grape
29,63,17,7.26154329,Fanta_Grape
59,63,18,6.52669158,Fanta_Grape
29,70,15,6.872594461,Fanta_Grape
58,73,16,6.874142175,Fanta_Grape
55,77,22,7.76061831,Fanta_Grape
42,79,23,6.781841984,Fanta_Grape
44,77,21,7.326980454,Fanta_Grape
38,62,25,7.453975408,Fanta_Grape
32,76,15,7.604110177000001,Root_Beer
13,61,22,7.728832424,Root_Beer
38,60,20,7.491217102,Root_Beer
11,74,17,6.633864582,Root_Beer
37,71,16,7.324863481,Root_Beer
29,71,18,6.410441476,Root_Beer
2,72,18,7.836719564,Root_Beer
6,59,21,6.139215944,Root_Beer
13,64,20,6.590571088,Root_Beer
8,58,17,7.286049977999999,Root_Beer
6,77,20,6.058306161,Root_Beer
2,75,22,6.658605362,Root_Beer
3,69,23,7.299360767,Root_Beer
27,80,24,7.815210661,Root_Beer
39,78,15,5.925391795,Root_Beer
40,79,17,6.403683619,Root_Beer
37,62,22,7.397546271,Root_Beer
31,60,24,7.722335992,Root_Beer
22,67,22,7.475926645,Root_Beer
3,78,18,6.887130053,Root_Beer
4,80,16,7.441976825,Root_Beer
13,61,24,7.629910252999999,Root_Beer
12,66,20,7.336117221,Root_Beer
4,61,21,6.75020529,Root_Beer
9,60,21,7.52178027,Root_Beer
18,66,22,6.347379185,Root_Beer
32,56,18,7.135251532000001,Root_Beer
6,72,15,7.670178119,Root_Beer
15,77,20,7.399749291,Root_Beer
0,65,24,7.841496029,Root_Beer
30,79,22,6.254216611,Root_Beer
3,63,16,6.868881707999999,Root_Beer
2,78,23,7.320514721,Root_Beer
10,78,18,6.296976913,Root_Beer
14,67,25,7.241151936,Root_Beer
39,65,23,7.685959305,Root_Beer
19,72,15,6.890760124,Root_Beer
18,57,21,6.155915975,Root_Beer
31,58,15,6.167855382000001,Root_Beer
28,58,25,6.861640036,Root_Beer
5,65,19,6.978361689,Root_Beer
16,65,19,7.043160241,Root_Beer
34,65,19,5.94239222,Root_Beer
14,69,19,7.239455147,Root_Beer
22,55,16,6.516317561,Root_Beer
24,61,17,6.233269045,Root_Beer
2,79,15,7.505283615,Root_Beer
26,63,17,6.950300686,Root_Beer
27,61,15,6.958054839,Root_Beer
24,70,16,6.54803469,Root_Beer
13,74,25,6.461618577,Root_Beer
6,64,23,7.065264073,Root_Beer
12,58,23,6.765091462000001,Root_Beer
32,79,22,5.91645379,Root_Beer
6,68,18,6.711341147000001,Root_Beer
10,79,20,6.379881442,Root_Beer
38,77,22,6.313284267999999,Root_Beer
17,74,17,7.393210848,Root_Beer
26,68,24,7.504930973,Root_Beer
23,75,17,7.198076286,Root_Beer
32,78,22,7.007037515,Root_Beer
19,79,19,6.677262562,Root_Beer
22,60,18,6.74398035,Root_Beer
28,69,16,6.547361617999999,Root_Beer
1,67,21,6.551577598,Root_Beer
12,67,23,6.585020302999999,Root_Beer
36,67,20,6.924042372000001,Root_Beer
28,70,21,7.437373666,Root_Beer
12,71,19,7.142611056000002,Root_Beer
22,68,16,7.74672376,Root_Beer
26,66,22,6.300479414,Root_Beer
16,65,16,6.078724107,Root_Beer
14,59,22,6.76660668,Root_Beer
33,59,19,7.641024177,Root_Beer
21,63,17,6.559681838,Root_Beer
0,69,21,7.072923306,Root_Beer
10,75,17,7.732194787999999,Root_Beer
30,61,18,6.157782589,Root_Beer
0,74,17,7.240988401,Root_Beer
35,74,22,6.898905799,Root_Beer
7,63,24,6.818681086000002,Root_Beer
9,56,17,6.261937875,Root_Beer
14,74,15,6.493036868,Root_Beer
14,76,20,7.042474679,Root_Beer
36,65,16,7.692013657,Root_Beer
28,67,21,6.250994222999999,Root_Beer
28,79,16,6.0521848810000005,Root_Beer
40,61,22,7.002216044,Root_Beer
10,70,19,7.272427638,Root_Beer
12,80,19,5.962001484,Root_Beer
37,77,20,7.080506001,Root_Beer
0,67,22,6.5937983870000005,Root_Beer
7,73,25,7.28805662,Root_Beer
10,56,18,7.32710972,Root_Beer
39,70,15,6.366355781,Root_Beer
26,56,22,7.011121216,Root_Beer
9,77,17,6.280725549,Root_Beer
4,59,19,7.621494566,Root_Beer
34,73,15,7.630424082999999,Root_Beer
33,77,15,7.802212437,Root_Beer
2,24,38,5.922935513,Orange_Crush
6,18,37,5.937649577999999,Orange_Crush
8,26,36,6.804781106,Orange_Crush
37,18,39,6.424670614,Orange_Crush
0,27,38,6.7380162210000005,Orange_Crush
31,25,38,6.4973666770000005,Orange_Crush
21,21,38,6.327673765,Orange_Crush
6,30,40,6.36137446,Orange_Crush
25,27,41,6.9235093710000015,Orange_Crush
15,11,38,6.630646082999999,Orange_Crush
14,5,36,5.832525853,Orange_Crush
16,10,41,6.738993954,Orange_Crush
36,7,37,5.782435567,Orange_Crush
4,20,41,6.537042717,Orange_Crush
29,22,40,6.145104401,Orange_Crush
16,15,42,6.890784045,Orange_Crush
18,27,41,7.175344328,Orange_Crush
11,18,42,5.938528744,Orange_Crush
5,15,38,5.709380472,Orange_Crush
18,23,44,6.184400085,Orange_Crush
9,8,40,6.553509673,Orange_Crush
40,27,45,5.885638185,Orange_Crush
22,23,44,6.1438746910000015,Orange_Crush
9,16,39,6.101198974,Orange_Crush
12,29,40,6.594037135,Orange_Crush
0,17,42,6.8598408210000015,Orange_Crush
2,21,44,6.56893406,Orange_Crush
28,6,40,6.769855664,Orange_Crush
8,23,44,7.130837931,Orange_Crush
29,16,36,5.7403380020000006,Orange_Crush
17,18,43,5.843005428,Orange_Crush
34,21,42,6.648687273999999,Orange_Crush
21,23,42,6.902751061,Orange_Crush
25,17,40,6.608023872,Orange_Crush
8,25,36,6.828522375,Orange_Crush
26,18,42,6.910374919,Orange_Crush
4,19,42,6.306605528,Orange_Crush
36,24,41,7.009180374,Orange_Crush
5,24,40,6.297907578999999,Orange_Crush
19,17,39,6.728599215,Orange_Crush
39,30,38,6.965156737999999,Orange_Crush
5,29,44,5.578095745,Orange_Crush
4,24,43,7.199504273,Orange_Crush
38,21,35,5.841367187,Orange_Crush
37,11,36,6.710143266,Orange_Crush
9,25,41,5.972714857000001,Orange_Crush
29,22,43,5.561851831,Orange_Crush
5,21,38,6.107054807999999,Orange_Crush
22,26,38,6.988035315,Orange_Crush
4,18,37,7.13147457,Orange_Crush
21,6,41,7.086947687,Orange_Crush
29,21,45,6.749260456,Orange_Crush
23,5,44,7.16300467,Orange_Crush
13,7,43,7.013481515,Orange_Crush
5,13,37,5.648243648999999,Orange_Crush
27,24,41,6.610251186,Orange_Crush
7,23,35,7.054313822999999,Orange_Crush
12,20,39,6.026999326,Orange_Crush
4,19,43,5.7794274020000005,Orange_Crush
3,9,45,6.535244251,Orange_Crush
1,27,36,5.684995235,Orange_Crush
23,30,44,6.12476108,Orange_Crush
24,21,42,6.999014379,Orange_Crush
13,30,37,6.277148771,Orange_Crush
40,11,44,6.322396027000001,Orange_Crush
21,9,40,5.956401828,Orange_Crush
3,27,44,6.591302797000001,Orange_Crush
40,29,42,7.104094929,Orange_Crush
14,25,40,6.407872061,Orange_Crush
38,14,37,6.658402594,Orange_Crush
34,9,36,6.276038961,Orange_Crush
32,14,37,6.825256236,Orange_Crush
18,21,35,6.368560522,Orange_Crush
8,23,38,7.005410734,Orange_Crush
15,6,41,6.8973684770000006,Orange_Crush
0,5,36,6.152906502,Orange_Crush
22,9,44,5.744361602000001,Orange_Crush
14,8,43,7.051654924,Orange_Crush
31,11,45,6.034612928,Orange_Crush
39,17,45,6.9244907310000015,Orange_Crush
10,5,42,6.887005997,Orange_Crush
8,28,38,6.8444019,Orange_Crush
32,13,42,5.786058032000001,Orange_Crush
18,9,40,5.627186257000001,Orange_Crush
20,27,41,5.700088663,Orange_Crush
39,25,36,5.567805185,Orange_Crush
20,7,45,6.077886012,Orange_Crush
11,10,45,6.397995609,Orange_Crush
40,18,43,5.767372539,Orange_Crush
3,26,39,7.079973241,Orange_Crush
9,16,36,5.893332377999999,Orange_Crush
30,20,38,7.058222596,Orange_Crush
40,9,41,5.78270695,Orange_Crush
40,30,35,6.269663962999999,Orange_Crush
32,25,35,5.892913826,Orange_Crush
33,23,45,7.116538883,Orange_Crush
4,14,41,6.430163481,Orange_Crush
13,17,45,7.159520979,Orange_Crush
39,24,39,6.431265737,Orange_Crush
8,28,37,6.082571701,Orange_Crush
91,94,46,6.149934034,Ginger_Ale
105,95,50,5.849076099,Ginger_Ale
108,92,53,6.276800323,Ginger_Ale
86,76,54,5.926824754,Ginger_Ale
80,77,49,5.519088423,Ginger_Ale
93,94,53,6.079178787999999,Ginger_Ale
90,92,55,6.13465588,Ginger_Ale
108,89,53,5.808497603999999,Ginger_Ale
108,88,55,5.891458107,Ginger_Ale
105,77,52,5.816622478999999,Ginger_Ale
118,88,52,5.8431631610000005,Ginger_Ale
101,87,54,6.376756632999999,Ginger_Ale
95,75,50,5.623615687000001,Ginger_Ale
106,85,53,5.91505509,Ginger_Ale
86,95,49,6.458714879,Ginger_Ale
83,79,55,5.565028635,Ginger_Ale
85,95,47,6.211833161,Ginger_Ale
109,79,45,6.490074429,Ginger_Ale
100,76,45,5.590236025,Ginger_Ale
117,86,48,6.225225238999999,Ginger_Ale
114,94,53,6.190757458999999,Ginger_Ale
110,78,50,5.915568968,Ginger_Ale
94,70,48,6.195152442,Ginger_Ale
80,71,47,6.156373499,Ginger_Ale
114,79,51,6.313197204,Ginger_Ale
88,78,45,6.324270089,Ginger_Ale
112,73,48,5.7074889870000005,Ginger_Ale
117,76,47,6.119216009,Ginger_Ale
111,87,48,5.571401169,Ginger_Ale
89,83,47,5.63127166,Ginger_Ale
93,91,47,6.101241579,Ginger_Ale
92,81,52,6.438137278999998,Ginger_Ale
105,74,45,6.098369122,Ginger_Ale
102,71,48,5.695267822000001,Ginger_Ale
94,91,51,5.6180944460000015,Ginger_Ale
116,71,47,6.435785799,Ginger_Ale
117,79,49,6.176644228,Ginger_Ale
119,72,55,6.220643671,Ginger_Ale
99,73,53,5.8717022110000014,Ginger_Ale
91,84,52,6.390741836,Ginger_Ale
80,90,47,6.21084479,Ginger_Ale
101,70,48,6.012696655,Ginger_Ale
108,89,53,5.908770059,Ginger_Ale
100,80,52,6.049801781,Ginger_Ale
109,91,53,6.010095852999999,Ginger_Ale
82,78,46,5.738678895,Ginger_Ale
106,70,55,5.74055541,Ginger_Ale
90,86,52,5.793260262,Ginger_Ale
83,95,50,5.50947065,Ginger_Ale
119,90,48,5.986442306,Ginger_Ale
107,72,45,5.790768046,Ginger_Ale
116,81,55,5.915546415,Ginger_Ale
101,75,50,6.242528277999999,Ginger_Ale
93,81,50,6.0360792660000016,Ginger_Ale
95,75,45,5.829898502000001,Ginger_Ale
107,71,55,6.088064451,Ginger_Ale
83,94,47,6.469370954,Ginger_Ale
102,73,54,5.720726906,Ginger_Ale
86,79,45,5.80766417,Ginger_Ale
117,86,53,5.703381727999999,Ginger_Ale
111,79,53,6.165001277999999,Ginger_Ale
95,74,50,6.002481605,Ginger_Ale
91,75,55,6.212369363,Ginger_Ale
93,83,46,5.765308943,Ginger_Ale
92,85,51,5.740764682000001,Ginger_Ale
104,80,54,5.879119455,Ginger_Ale
103,72,51,6.099478745,Ginger_Ale
92,75,45,5.674403358999999,Ginger_Ale
93,85,49,5.694243847,Ginger_Ale
120,87,52,5.905494703,Ginger_Ale
108,72,46,6.110844721,Ginger_Ale
105,88,54,6.020445317,Ginger_Ale
98,79,50,6.435917308,Ginger_Ale
111,88,55,5.505393832999999,Ginger_Ale
97,74,45,5.677719902000001,Ginger_Ale
95,82,48,5.719014989,Ginger_Ale
89,91,55,6.275572297999999,Ginger_Ale
89,85,55,6.275384607,Ginger_Ale
118,88,51,6.201911642000001,Ginger_Ale
101,92,45,5.758054257,Ginger_Ale
99,92,47,6.3239336470000005,Ginger_Ale
82,77,46,5.901100841,Ginger_Ale
90,86,55,5.644486582000001,Ginger_Ale
95,88,52,6.235461772000001,Ginger_Ale
104,73,46,6.28236237,Ginger_Ale
102,73,52,6.356090905,Ginger_Ale
100,74,52,5.837258235,Ginger_Ale
94,89,48,5.653437902,Ginger_Ale
99,70,46,5.727469947,Ginger_Ale
112,87,48,6.200111067999999,Ginger_Ale
117,82,45,5.614471478,Ginger_Ale
96,86,51,6.257369799,Ginger_Ale
113,85,45,6.037430836,Ginger_Ale
105,93,46,5.760457558,Ginger_Ale
85,89,51,6.1581644220000005,Ginger_Ale
108,94,47,6.387431382999999,Ginger_Ale
92,81,52,5.891413895,Ginger_Ale
110,71,54,5.725418961,Ginger_Ale
82,75,55,6.281069505,Ginger_Ale
117,81,53,5.507641777999999,Ginger_Ale
2,40,27,5.954626604,Lemon_Lime
39,24,31,4.757114897,Lemon_Lime
21,26,27,5.6995869720000005,Lemon_Lime
25,22,25,5.977413802999999,Lemon_Lime
0,21,32,6.430139436,Lemon_Lime
20,19,35,6.113935087000001,Lemon_Lime
19,21,34,5.074272692,Lemon_Lime
18,17,31,5.667507706,Lemon_Lime
11,36,33,5.978634285,Lemon_Lime
30,28,30,5.064613314,Lemon_Lime
18,19,27,4.772385986000001,Lemon_Lime
23,23,27,5.161148592,Lemon_Lime
37,30,34,6.797779227,Lemon_Lime
11,27,30,6.39474303,Lemon_Lime
12,19,31,5.566704378,Lemon_Lime
3,28,33,5.755049971,Lemon_Lime
37,38,32,5.417340525,Lemon_Lime
26,37,30,6.166173833999999,Lemon_Lime
14,18,30,5.191265116,Lemon_Lime
40,16,35,4.954739564,Lemon_Lime
4,20,25,5.664587011,Lemon_Lime
36,25,33,5.548584852,Lemon_Lime
30,17,31,6.804437106,Lemon_Lime
28,37,28,6.097869767000001,Lemon_Lime
38,15,30,5.075504537,Lemon_Lime
12,37,30,4.546466109,Lemon_Lime
38,19,31,5.855119267999999,Lemon_Lime
8,33,29,6.442393461,Lemon_Lime
15,27,28,4.507523551,Lemon_Lime
34,16,25,6.10729559,Lemon_Lime
11,36,31,6.47544932,Lemon_Lime
33,29,34,6.832979508999999,Lemon_Lime
12,31,26,5.395275719,Lemon_Lime
12,34,28,6.13526938,Lemon_Lime
5,16,31,4.555688532,Lemon_Lime
1,30,29,6.4341977560000005,Lemon_Lime
16,35,31,5.316875978000001,Lemon_Lime
35,18,26,5.279388967,Lemon_Lime
4,40,26,6.720041791,Lemon_Lime
9,29,34,5.72742254,Lemon_Lime
2,38,33,4.691396195,Lemon_Lime
26,32,32,6.810186079,Lemon_Lime
34,38,31,6.454045329,Lemon_Lime
5,32,33,5.842763773,Lemon_Lime
31,29,26,5.024124683999999,Lemon_Lime
34,34,35,6.422710539,Lemon_Lime
36,19,32,4.94295037,Lemon_Lime
7,17,26,6.414526606,Lemon_Lime
38,15,27,6.777788126,Lemon_Lime
5,19,25,6.441328044,Lemon_Lime
37,36,26,4.650536197,Lemon_Lime
21,31,32,5.254532213,Lemon_Lime
37,36,27,5.910634533,Lemon_Lime
23,23,30,4.755273631000001,Lemon_Lime
36,26,26,6.814630246,Lemon_Lime
24,33,35,5.342866119,Lemon_Lime
26,18,30,6.336234623999999,Lemon_Lime
22,17,26,4.754435025,Lemon_Lime
11,34,32,6.831706773,Lemon_Lime
29,35,28,6.9674177660000005,Lemon_Lime
22,28,26,4.947683034,Lemon_Lime
23,24,32,5.630619901,Lemon_Lime
1,35,34,6.27339822,Lemon_Lime
2,24,34,6.472774648,Lemon_Lime
39,37,25,6.953246506,Lemon_Lime
15,36,27,5.6437102160000014,Lemon_Lime
3,18,31,6.392313972999999,Lemon_Lime
8,38,32,4.981816523,Lemon_Lime
33,31,34,5.421265282999999,Lemon_Lime
14,29,32,6.942520105,Lemon_Lime
18,20,26,5.435840509,Lemon_Lime
9,21,32,5.870116071,Lemon_Lime
20,30,27,4.74910393,Lemon_Lime
9,38,25,5.497946899,Lemon_Lime
26,24,34,6.811291098,Lemon_Lime
31,36,29,6.460542749,Lemon_Lime
14,18,35,4.791146778,Lemon_Lime
40,16,35,6.4841522000000005,Lemon_Lime
28,27,34,6.526654345,Lemon_Lime
0,17,30,6.279133738,Lemon_Lime
1,29,29,6.052026047000001,Lemon_Lime
2,36,31,5.73171945,Lemon_Lime
12,27,26,5.32307197,Lemon_Lime
7,28,35,4.66910839,Lemon_Lime
0,36,26,5.101206389,Lemon_Lime
26,35,31,5.339556562,Lemon_Lime
27,21,30,5.061081874,Lemon_Lime
22,38,31,5.8211060360000015,Lemon_Lime
22,18,31,5.956027059,Lemon_Lime
28,23,28,5.676032581,Lemon_Lime
7,31,27,6.524114355,Lemon_Lime
29,34,26,6.2739536760000005,Lemon_Lime
8,37,33,6.128167757000001,Lemon_Lime
39,16,27,4.934964765,Lemon_Lime
40,24,25,5.445008416,Lemon_Lime
19,38,26,4.525722333,Lemon_Lime
21,21,30,5.403908327999999,Lemon_Lime
22,18,33,6.621623545,Lemon_Lime
31,20,30,6.207495815,Lemon_Lime
18,26,31,5.418475257000001,Lemon_Lime
24,130,195,6.112305667,Cherry_Cola
13,144,204,6.092241627000001,Cherry_Cola
22,123,205,5.896343436,Cherry_Cola
36,125,196,6.15526103,Cherry_Cola
24,131,196,5.732453638,Cherry_Cola
2,123,198,6.253034534,Cherry_Cola
35,140,197,6.106190557000001,Cherry_Cola
11,122,195,5.647202395,Cherry_Cola
6,123,203,6.130310493,Cherry_Cola
17,134,204,6.499604931,Cherry_Cola
25,130,197,5.554831977,Cherry_Cola
27,145,205,5.800242694,Cherry_Cola
9,122,201,5.570290539,Cherry_Cola
16,139,203,6.27564088,Cherry_Cola
32,141,204,5.536645599,Cherry_Cola
22,138,195,6.208196881,Cherry_Cola
31,144,202,5.870600622,Cherry_Cola
3,136,205,6.334771461,Cherry_Cola
28,122,197,5.856575335,Cherry_Cola
4,136,204,5.898944282,Cherry_Cola
39,145,201,5.775600435,Cherry_Cola
38,132,197,5.931101816,Cherry_Cola
36,133,198,6.2286454,Cherry_Cola
25,121,201,5.594240602999999,Cherry_Cola
15,125,199,5.569230319,Cherry_Cola
24,140,205,5.93202852,Cherry_Cola
13,132,203,6.423216506,Cherry_Cola
5,126,197,6.417500829,Cherry_Cola
30,120,200,6.234904253,Cherry_Cola
23,142,197,6.000573725,Cherry_Cola
26,135,203,5.6851027689999984,Cherry_Cola
7,126,203,5.662140095,Cherry_Cola
32,139,198,6.358186848,Cherry_Cola
9,141,202,6.119495295,Cherry_Cola
20,142,196,6.207600782999999,Cherry_Cola
32,129,201,6.48754639,Cherry_Cola
3,134,199,5.81717753,Cherry_Cola
38,138,204,6.325480034,Cherry_Cola
14,131,198,5.562790949,Cherry_Cola
20,122,204,6.487369687,Cherry_Cola
40,126,201,6.116982944,Cherry_Cola
36,128,204,5.695792761,Cherry_Cola
11,132,197,5.7343170070000005,Cherry_Cola
0,137,195,6.329499832000001,Cherry_Cola
19,123,200,6.167013532,Cherry_Cola
31,136,197,5.653776057999999,Cherry_Cola
4,134,200,5.840256272,Cherry_Cola
39,139,201,5.5399808120000005,Cherry_Cola
8,127,196,5.833302165,Cherry_Cola
39,138,203,6.399433771,Cherry_Cola
32,120,204,6.138958698,Cherry_Cola
12,142,203,5.972850837999999,Cherry_Cola
8,133,195,6.456079585,Cherry_Cola
8,139,199,6.3364266670000005,Cherry_Cola
21,134,202,6.425419926,Cherry_Cola
40,140,195,6.2943956760000015,Cherry_Cola
39,127,202,6.477768039,Cherry_Cola
19,120,195,5.931538447,Cherry_Cola
21,139,201,5.980598579,Cherry_Cola
17,136,195,6.389783283,Cherry_Cola
33,139,203,5.693287415,Cherry_Cola
22,133,201,6.00299607,Cherry_Cola
32,130,196,6.372959542,Cherry_Cola
37,135,205,5.510924848999999,Cherry_Cola
15,140,195,5.69945282,Cherry_Cola
39,132,196,5.778594403,Cherry_Cola
40,121,199,6.315586313,Cherry_Cola
40,132,202,5.9718130060000005,Cherry_Cola
29,142,203,5.891195653,Cherry_Cola
32,121,199,6.129812716,Cherry_Cola
6,140,205,6.313085601,Cherry_Cola
8,120,196,6.053662544,Cherry_Cola
34,133,202,5.804799142,Cherry_Cola
35,135,199,6.400719746,Cherry_Cola
16,145,199,5.953966361,Cherry_Cola
8,136,201,5.6092559920000005,Cherry_Cola
25,129,195,5.777271492000001,Cherry_Cola
16,130,201,5.682395429,Cherry_Cola
39,129,203,5.863996687,Cherry_Cola
38,135,203,6.444373116,Cherry_Cola
33,120,205,5.550832177999999,Cherry_Cola
35,125,204,6.107741787999999,Cherry_Cola
1,132,200,5.620745638,Cherry_Cola
39,140,203,6.349875906,Cherry_Cola
28,145,202,6.484323189,Cherry_Cola
6,128,200,5.838748311,Cherry_Cola
6,139,199,6.29099842,Cherry_Cola
29,122,196,5.638328481,Cherry_Cola
37,144,197,6.415555956,Cherry_Cola
38,120,197,6.323722572,Cherry_Cola
38,141,198,5.757009965,Cherry_Cola
14,121,203,6.1586894060000015,Cherry_Cola
6,125,204,5.7335398070000005,Cherry_Cola
32,138,197,5.908724337000001,Cherry_Cola
11,124,204,6.361141107000001,Cherry_Cola
23,138,200,5.96537863,Cherry_Cola
40,143,201,6.476757723,Cherry_Cola
6,142,202,6.224542938,Cherry_Cola
37,124,195,6.209928251,Cherry_Cola
35,134,204,5.841138354,Cherry_Cola
119,25,51,6.283818329,Diet_Coke
119,19,55,6.818261382999999,Diet_Coke
105,30,50,6.37620108,Diet_Coke
114,8,50,6.581587932000001,Diet_Coke
93,22,52,6.932739726,Diet_Coke
80,26,55,6.140099215,Diet_Coke
85,27,45,6.467095849,Diet_Coke
85,22,53,6.849471704,Diet_Coke
82,22,45,6.512196212,Diet_Coke
118,13,54,6.039584629,Diet_Coke
83,25,53,6.057697106,Diet_Coke
86,15,47,6.423898762,Diet_Coke
101,10,47,6.936997681,Diet_Coke
119,9,50,6.251286661,Diet_Coke
104,17,46,6.190015912000001,Diet_Coke
95,12,51,6.681606702000001,Diet_Coke
102,14,52,6.51075991,Diet_Coke
109,21,55,6.770278088,Diet_Coke
81,18,50,6.429788072999999,Diet_Coke
103,17,51,6.209888345,Diet_Coke
105,14,50,6.419052193,Diet_Coke
97,8,52,6.237861736,Diet_Coke
120,19,49,6.762471628999998,Diet_Coke
95,16,55,6.612847999,Diet_Coke
83,29,52,6.704688865,Diet_Coke
83,9,45,6.049609892,Diet_Coke
91,21,50,6.762030215,Diet_Coke
116,5,54,6.65398725,Diet_Coke
112,28,54,6.738030547,Diet_Coke
88,29,51,6.095689937,Diet_Coke
118,15,45,6.538006356,Diet_Coke
92,21,48,6.377427122,Diet_Coke
106,14,45,6.417011754,Diet_Coke
99,5,47,6.649086972,Diet_Coke
98,8,51,6.25933595,Diet_Coke
108,22,46,6.121168559,Diet_Coke
119,7,55,6.031424482,Diet_Coke
117,27,48,6.835268183999999,Diet_Coke
109,10,53,6.5517503060000015,Diet_Coke
80,16,46,6.940236218,Diet_Coke
100,18,52,6.87606733,Diet_Coke
91,7,53,6.457216535,Diet_Coke
86,6,53,6.921847887999999,Diet_Coke
107,5,52,6.8814257460000015,Diet_Coke
103,16,49,6.915717008,Diet_Coke
101,20,48,6.206247493999999,Diet_Coke
85,25,47,6.29542477,Diet_Coke
84,7,51,6.399669044,Diet_Coke
102,28,54,6.862157042000001,Diet_Coke
98,25,52,6.224066378,Diet_Coke
97,25,50,6.093814669,Diet_Coke
90,16,45,6.291540277999999,Diet_Coke
95,12,46,6.32281728,Diet_Coke
82,23,49,6.873283991,Diet_Coke
82,25,51,6.074209622000001,Diet_Coke
110,28,46,6.49889585,Diet_Coke
118,21,51,6.678805092,Diet_Coke
120,20,45,6.114128685,Diet_Coke
91,7,52,6.405054243,Diet_Coke
81,6,55,6.110142735,Diet_Coke
101,13,54,6.828982708,Diet_Coke
101,17,55,6.451499763999999,Diet_Coke
111,6,53,6.313512998999999,Diet_Coke
107,10,49,6.755192025,Diet_Coke
115,11,46,6.623167177000001,Diet_Coke
84,25,52,6.12532356,Diet_Coke
120,7,47,6.653867608,Diet_Coke
91,12,46,6.343942518,Diet_Coke
89,22,52,6.217300786,Diet_Coke
113,19,46,6.286387658,Diet_Coke
97,22,50,6.769893799999998,Diet_Coke
117,30,50,6.744966312000001,Diet_Coke
90,14,52,6.391858432,Diet_Coke
104,23,47,6.770434148,Diet_Coke
81,16,45,6.727468157000001,Diet_Coke
88,5,47,6.662244646,Diet_Coke
92,7,45,6.944640222,Diet_Coke
81,18,50,6.507110986,Diet_Coke
111,5,55,6.520663422,Diet_Coke
108,23,51,6.106500787000001,Diet_Coke
113,30,50,6.277484042999999,Diet_Coke
83,10,53,6.195142279,Diet_Coke
101,11,51,6.792035575,Diet_Coke
114,21,55,6.472756256,Diet_Coke
99,6,45,6.000975617000001,Diet_Coke
92,20,55,6.5877912620000005,Diet_Coke
92,7,48,6.956508826,Diet_Coke
91,24,55,6.259086582999999,Diet_Coke
110,21,54,6.747537642,Diet_Coke
112,25,51,6.932537231,Diet_Coke
89,25,54,6.353107392999999,Diet_Coke
100,10,53,6.211748957,Diet_Coke
83,22,54,6.277245253999999,Diet_Coke
95,14,50,6.560443519,Diet_Coke
119,30,49,6.903020221,Diet_Coke
97,12,47,6.765094963999998,Diet_Coke
110,7,45,6.189213927000001,Diet_Coke
96,18,50,6.904241707000001,Diet_Coke
83,23,55,6.463271076,Diet_Coke
120,24,47,6.260838965,Diet_Coke
115,17,55,6.776533055,Diet_Pepsi
114,27,48,6.528404377999999,Diet_Pepsi
101,25,52,6.750145572,Diet_Pepsi
118,18,52,6.562832807,Diet_Pepsi
95,26,45,6.117530021,Diet_Pepsi
81,25,49,6.076459669,Diet_Pepsi
117,24,53,6.293486295,Diet_Pepsi
114,30,51,6.069171847000001,Diet_Pepsi
113,6,52,6.740983646,Diet_Pepsi
108,26,52,6.201797639,Diet_Pepsi
81,30,48,6.041027474,Diet_Pepsi
115,9,52,6.019372459,Diet_Pepsi
83,7,45,6.704104127000001,Diet_Pepsi
84,21,55,6.494251024,Diet_Pepsi
109,26,45,6.224535448999998,Diet_Pepsi
95,27,55,6.160414414,Diet_Pepsi
119,5,55,6.168757984,Diet_Pepsi
110,14,51,6.085444691,Diet_Pepsi
82,18,48,6.1590508160000015,Diet_Pepsi
87,14,48,6.606033244,Diet_Pepsi
85,9,53,6.447662945,Diet_Pepsi
100,6,53,6.105909623,Diet_Pepsi
107,12,46,6.559763394,Diet_Pepsi
91,13,47,6.14410903,Diet_Pepsi
102,25,50,6.099662369,Diet_Pepsi
117,25,53,6.413927319,Diet_Pepsi
85,21,52,6.0751441160000015,Diet_Pepsi
104,25,55,6.123802502,Diet_Pepsi
102,24,54,6.698468621,Diet_Pepsi
116,25,50,6.088885814,Diet_Pepsi
100,17,48,6.367800632000001,Diet_Pepsi
110,25,54,6.425930938,Diet_Pepsi
104,25,51,6.469983276000002,Diet_Pepsi
107,11,54,6.094016337999999,Diet_Pepsi
98,26,52,6.150090898999999,Diet_Pepsi
88,17,52,6.646962425,Diet_Pepsi
87,25,46,6.379690748,Diet_Pepsi
120,8,46,6.732834334,Diet_Pepsi
95,13,46,6.126019932,Diet_Pepsi
108,22,47,6.161123579,Diet_Pepsi
82,13,52,6.442810053,Diet_Pepsi
120,23,55,6.732049075,Diet_Pepsi
110,22,47,6.243673725,Diet_Pepsi
95,23,45,6.266208727,Diet_Pepsi
106,10,49,6.350623739,Diet_Pepsi
99,12,52,6.002927293,Diet_Pepsi
106,20,51,6.342573112,Diet_Pepsi
83,11,53,6.163921247999999,Diet_Pepsi
117,19,55,6.121745389,Diet_Pepsi
98,26,49,6.130160472999999,Diet_Pepsi
113,20,48,6.440584681,Diet_Pepsi
101,17,47,6.185053234,Diet_Pepsi
98,7,45,6.157724816,Diet_Pepsi
93,22,48,6.776987974,Diet_Pepsi
95,21,47,6.431970877,Diet_Pepsi
109,12,48,6.708743843,Diet_Pepsi
118,12,47,6.010739645,Diet_Pepsi
100,14,49,6.365956657999999,Diet_Pepsi
89,9,47,6.6683827660000015,Diet_Pepsi
95,16,46,6.74669542,Diet_Pepsi
95,7,45,6.031665834,Diet_Pepsi
87,6,45,6.40077205,Diet_Pepsi
93,20,50,6.448792688999999,Diet_Pepsi
84,29,49,6.251420275,Diet_Pepsi
111,5,47,6.2744528110000015,Diet_Pepsi
111,5,52,6.135996372,Diet_Pepsi
111,15,54,6.194090172,Diet_Pepsi
89,11,47,6.327822962000001,Diet_Pepsi
110,15,48,6.2125672110000005,Diet_Pepsi
95,30,52,6.640470862999999,Diet_Pepsi
115,12,52,6.685553129,Diet_Pepsi
120,25,50,6.327210469,Diet_Pepsi
102,11,45,6.35544263,Diet_Pepsi
94,5,55,6.085682343999999,Diet_Pepsi
84,18,46,6.781050372999999,Diet_Pepsi
107,22,54,6.630301421,Diet_Pepsi
80,18,52,6.484799661,Diet_Pepsi
86,18,45,6.566759102000001,Diet_Pepsi
113,28,48,6.170520517999999,Diet_Pepsi
115,18,53,6.0124803510000016,Diet_Pepsi
82,20,54,6.541150335,Diet_Pepsi
98,22,47,6.341400922,Diet_Pepsi
117,25,54,6.150686363999999,Diet_Pepsi
83,15,49,6.438008152999999,Diet_Pepsi
120,16,51,6.547041902999999,Diet_Pepsi
111,5,50,6.399891457000001,Diet_Pepsi
85,21,47,6.186770318,Diet_Pepsi
90,23,54,6.159020864,Diet_Pepsi
99,29,55,6.660954816,Diet_Pepsi
102,11,47,6.504906978999999,Diet_Pepsi
80,18,51,6.706053225,Diet_Pepsi
87,21,52,6.067665497999999,Diet_Pepsi
114,8,52,6.419083092,Diet_Pepsi
99,6,46,6.39637861,Diet_Pepsi
89,25,50,6.375923383,Diet_Pepsi
96,13,55,6.700337732,Diet_Pepsi
82,26,47,6.565312652999999,Diet_Pepsi
106,21,52,6.286515359,Diet_Pepsi
90,15,52,6.448061578,Diet_Pepsi
106,16,54,6.585872508,Diet_Pepsi
24,128,196,5.521466996,Club_Soda
7,144,197,6.133220586,Club_Soda
14,128,205,6.226289556,Club_Soda
8,120,201,6.321152192,Club_Soda
20,129,201,5.587905967,Club_Soda
32,137,204,5.824151692999999,Club_Soda
27,139,205,5.7721799460000005,Club_Soda
0,123,205,5.790993052,Club_Soda
22,144,196,6.4992268210000015,Club_Soda
1,124,199,5.658473817000001,Club_Soda
30,122,197,5.573241391,Club_Soda
29,121,196,6.079497202000001,Club_Soda
13,126,204,6.3831802710000005,Club_Soda
9,139,199,5.867420996,Club_Soda
0,133,200,5.708418722,Club_Soda
30,143,199,5.7983508000000015,Club_Soda
36,140,198,6.28188384,Club_Soda
37,137,199,5.697945522,Club_Soda
33,121,203,5.6059340870000005,Club_Soda
7,144,195,5.85648105,Club_Soda
35,128,205,6.041053829,Club_Soda
29,128,198,5.685062404,Club_Soda
2,143,196,5.669489065,Club_Soda
34,140,198,5.751707342,Club_Soda
29,144,204,5.800448951,Club_Soda
32,141,203,5.821347769,Club_Soda
13,144,197,6.28022267,Club_Soda
25,143,198,6.027314401,Club_Soda
9,137,200,5.636687393,Club_Soda
6,144,198,5.559363609,Club_Soda
37,126,196,5.596449493,Club_Soda
2,120,203,5.893492998999999,Club_Soda
11,143,197,5.875718516,Club_Soda
10,141,201,6.386021424,Club_Soda
24,142,202,5.710819862,Club_Soda
23,138,195,5.7959857160000015,Club_Soda
18,125,204,6.046673619,Club_Soda
13,121,196,6.443382913,Club_Soda
26,122,202,5.617227184,Club_Soda
28,123,202,6.442289294,Club_Soda
26,121,201,6.162034371,Club_Soda
21,137,196,5.812781806,Club_Soda
21,135,198,5.7650151260000015,Club_Soda
5,144,205,6.184922574,Club_Soda
2,123,205,5.739652177000001,Club_Soda
15,133,199,5.8247786360000005,Club_Soda
31,130,198,5.554823557000001,Club_Soda
25,143,200,6.024248787,Club_Soda
16,143,204,5.631333387000001,Club_Soda
19,122,202,5.811975094,Club_Soda
10,125,196,5.730557448,Club_Soda
20,139,202,5.66999105,Club_Soda
28,123,198,5.682751473,Club_Soda
28,136,200,6.245858905,Club_Soda
2,131,199,6.017370134,Club_Soda
2,140,197,5.53456749,Club_Soda
27,138,201,5.952367662,Club_Soda
30,127,204,6.126436584,Club_Soda
32,145,203,6.406818518,Club_Soda
29,139,205,6.155939452999999,Club_Soda
26,126,195,5.878568981,Club_Soda
40,136,202,5.935336307999999,Club_Soda
6,124,200,5.971332179,Club_Soda
35,138,200,5.67130617,Club_Soda
17,136,196,5.882155987999999,Club_Soda
33,134,205,6.08551916,Club_Soda
16,143,197,5.90402645,Club_Soda
27,120,200,6.1102188260000005,Club_Soda
29,145,205,6.212302608,Club_Soda
3,141,197,6.142803397000001,Club_Soda
15,123,204,6.365972687999999,Club_Soda
5,136,195,6.264202804,Club_Soda
10,136,204,6.276198595,Club_Soda
7,141,195,5.514253142,Club_Soda
2,129,201,5.682343744,Club_Soda
29,138,197,5.830892252000001,Club_Soda
30,137,200,5.603413172000001,Club_Soda
29,132,204,6.0967531,Club_Soda
14,139,197,6.056529526,Club_Soda
18,125,203,6.160267496,Club_Soda
33,143,204,5.814434775,Club_Soda
40,144,196,5.987262638,Club_Soda
9,143,197,5.570020684,Club_Soda
38,135,203,5.9655513110000005,Club_Soda
28,130,196,6.062356467000001,Club_Soda
35,142,203,5.895319002000001,Club_Soda
12,129,205,6.119432215,Club_Soda
1,135,203,5.624203283,Club_Soda
0,145,205,5.52078314,Club_Soda
31,121,201,5.731535257999999,Club_Soda
35,131,203,5.893490899,Club_Soda
29,140,195,5.560521058,Club_Soda
33,138,198,6.222390797999999,Club_Soda
14,140,197,6.071255131,Club_Soda
35,145,195,6.231950009,Club_Soda
40,120,197,5.889480679,Club_Soda
25,132,198,5.732757516,Club_Soda
31,137,196,6.400321212000001,Club_Soda
36,144,196,6.496934492,Club_Soda
10,140,197,6.229498836,Club_Soda
22,30,12,6.354006743999999,Tonic_Water
37,6,13,7.511755067999999,Tonic_Water
27,13,6,7.335158382,Tonic_Water
7,16,9,7.813916602999999,Tonic_Water
20,7,9,7.1291369410000005,Tonic_Water
26,27,10,6.079998496,Tonic_Water
5,23,15,7.408939392000001,Tonic_Water
0,18,14,7.207991261,Tonic_Water
39,24,14,7.189259647,Tonic_Water
13,23,6,7.365338111,Tonic_Water
21,17,15,7.455991072000001,Tonic_Water
33,12,8,6.822282114,Tonic_Water
6,9,12,7.028746406000002,Tonic_Water
19,7,10,6.118430299,Tonic_Water
24,18,6,6.285312759,Tonic_Water
9,11,8,6.559236744,Tonic_Water
31,8,7,7.163245982,Tonic_Water
22,17,5,6.945562889,Tonic_Water
13,5,8,7.474710503,Tonic_Water
16,8,9,7.601189842999999,Tonic_Water
4,13,6,7.5611432239999985,Tonic_Water
0,25,14,6.361671475,Tonic_Water
8,7,10,6.929216014,Tonic_Water
4,23,5,7.477935216,Tonic_Water
33,14,8,7.684420446,Tonic_Water
30,7,15,7.825531916,Tonic_Water
21,29,12,6.438668989,Tonic_Water
11,14,5,6.946354724,Tonic_Water
9,8,15,7.994465371,Tonic_Water
5,18,14,7.434118807000001,Tonic_Water
29,25,14,7.781988584,Tonic_Water
33,12,15,6.052318465,Tonic_Water
8,16,6,7.106650373,Tonic_Water
15,14,8,6.22094286,Tonic_Water
16,7,8,6.420457311,Tonic_Water
0,12,7,6.969249676,Tonic_Water
5,25,6,6.0113021810000005,Tonic_Water
6,8,11,6.600948787999999,Tonic_Water
10,5,5,7.817846496,Tonic_Water
1,17,6,6.8198271,Tonic_Water
1,30,10,7.291405641,Tonic_Water
0,23,15,7.598729065,Tonic_Water
24,27,9,6.157135092000001,Tonic_Water
36,11,13,7.1917274,Tonic_Water
40,21,8,7.418761774,Tonic_Water
40,22,6,6.488221135,Tonic_Water
32,18,13,6.044167236,Tonic_Water
9,10,10,6.010391864,Tonic_Water
13,16,8,6.949838549,Tonic_Water
15,9,11,7.907956251,Tonic_Water
29,11,5,7.639788459,Tonic_Water
1,15,9,7.53350946,Tonic_Water
18,5,11,6.251586885,Tonic_Water
14,22,9,6.543191814,Tonic_Water
33,15,7,7.651225301,Tonic_Water
4,6,7,6.708889665,Tonic_Water
17,16,14,6.625538653,Tonic_Water
12,20,10,6.528354932,Tonic_Water
34,29,8,6.450640306,Tonic_Water
39,28,10,7.181907673,Tonic_Water
31,25,12,7.016482298,Tonic_Water
12,6,8,6.388617138,Tonic_Water
12,29,13,7.57125447,Tonic_Water
26,11,11,7.609348255,Tonic_Water
19,24,15,7.137136973,Tonic_Water
39,21,9,6.354022554,Tonic_Water
16,29,13,6.196907944,Tonic_Water
36,29,13,7.829507245,Tonic_Water
37,23,12,6.395258356,Tonic_Water
39,9,15,7.992041984,Tonic_Water
31,5,14,6.583411671,Tonic_Water
18,12,8,6.206053072,Tonic_Water
20,20,10,6.976997772000001,Tonic_Water
5,8,5,6.562594972,Tonic_Water
20,8,12,7.260416405,Tonic_Water
25,21,11,6.460044777999999,Tonic_Water
14,19,14,6.699164936,Tonic_Water
37,18,12,7.401121811,Tonic_Water
26,15,6,6.912033409,Tonic_Water
13,22,5,7.764040111,Tonic_Water
32,25,9,7.796034006,Tonic_Water
19,7,9,6.969883482999999,Tonic_Water
28,7,9,6.730757538,Tonic_Water
24,30,11,6.601395755,Tonic_Water
7,17,10,6.465913274,Tonic_Water
18,23,8,6.41354791,Tonic_Water
7,20,12,6.475275337,Tonic_Water
20,23,11,6.407715561,Tonic_Water
18,14,11,6.550814117000001,Tonic_Water
34,11,10,7.36220835,Tonic_Water
20,29,10,7.36549204,Tonic_Water
37,24,13,7.8546243,Tonic_Water
12,8,10,7.995848977,Tonic_Water
34,10,14,6.725600855,Tonic_Water
6,13,9,7.786725333,Tonic_Water
27,30,5,7.656978112000001,Tonic_Water
13,8,12,7.105904818,Tonic_Water
6,7,7,7.199106204,Tonic_Water
40,17,15,7.871063004,Tonic_Water
31,26,9,7.566165721,Tonic_Water
61,68,50,6.7932454170000005,Cream_Soda
58,46,45,6.576261427,Cream_Soda
45,47,55,6.751452932,Cream_Soda
39,65,53,6.560743092999999,Cream_Soda
31,68,45,6.938313356,Cream_Soda
70,68,45,6.991626158,Cream_Soda
68,62,50,6.977700268,Cream_Soda
34,65,47,6.833768535,Cream_Soda
38,68,54,6.739170045,Cream_Soda
69,64,47,6.993473247000001,Cream_Soda
58,51,47,6.757470637000001,Cream_Soda
59,47,53,6.8506632320000005,Cream_Soda
44,64,54,6.74274935,Cream_Soda
56,57,48,6.506120752,Cream_Soda
69,60,54,6.98992719,Cream_Soda
56,58,49,6.69215564,Cream_Soda
49,55,53,6.544029776,Cream_Soda
38,51,52,6.927803911,Cream_Soda
54,65,47,6.721835879,Cream_Soda
57,57,51,6.99223441,Cream_Soda
39,52,53,6.704204398,Cream_Soda
58,67,45,6.702424548,Cream_Soda
61,64,52,6.641098708,Cream_Soda
34,62,55,6.585346229,Cream_Soda
31,48,45,6.563134737,Cream_Soda
47,46,52,6.502289472999999,Cream_Soda
32,68,52,6.800321319,Cream_Soda
36,59,46,6.721130542999999,Cream_Soda
61,51,51,6.574677594,Cream_Soda
70,54,46,6.919342407,Cream_Soda
44,56,49,6.519779582999999,Cream_Soda
34,68,51,6.687088097999999,Cream_Soda
50,59,47,6.747975732,Cream_Soda
39,70,52,6.65149129,Cream_Soda
34,61,49,6.502675132,Cream_Soda
44,60,55,6.825371185,Cream_Soda
31,62,52,6.99104104,Cream_Soda
65,62,51,6.5116248410000015,Cream_Soda
44,57,53,6.93172108,Cream_Soda
50,47,48,6.712772332999999,Cream_Soda
43,50,48,6.63016515,Cream_Soda
60,46,53,6.761953186,Cream_Soda
70,68,55,6.691202286,Cream_Soda
59,62,52,6.608667683999999,Cream_Soda
60,58,51,6.840802254,Cream_Soda
42,60,47,6.834808347999999,Cream_Soda
35,66,47,6.953439161,Cream_Soda
34,65,48,6.665024507999999,Cream_Soda
36,54,46,6.662875839,Cream_Soda
39,64,52,6.678695788,Cream_Soda
37,52,47,6.54277684,Cream_Soda
33,47,46,6.839443833,Cream_Soda
34,48,48,6.805277038,Cream_Soda
49,54,50,6.762522087000001,Cream_Soda
40,65,49,6.678449317999999,Cream_Soda
68,52,49,6.577192175,Cream_Soda
50,46,52,6.734005647999999,Cream_Soda
65,63,50,6.524459342,Cream_Soda
40,49,47,6.501521192,Cream_Soda
42,53,48,6.758479569,Cream_Soda
49,55,51,6.676578778,Cream_Soda
59,62,49,6.941496806,Cream_Soda
63,58,47,6.864143752,Cream_Soda
70,65,52,6.583528529,Cream_Soda
63,50,52,6.751747609,Cream_Soda
40,64,47,6.893509446,Cream_Soda
63,58,50,6.720744449,Cream_Soda
45,58,49,6.827812549,Cream_Soda
66,69,47,6.912299695,Cream_Soda
54,67,52,6.586107335,Cream_Soda
69,67,52,6.827305908,Cream_Soda
67,68,49,6.821774589,Cream_Soda
45,57,47,6.656458831,Cream_Soda
56,50,52,6.770384816,Cream_Soda
70,50,53,6.933809742999999,Cream_Soda
44,47,45,6.579441304,Cream_Soda
50,60,47,6.92791761,Cream_Soda
52,51,53,6.985804083,Cream_Soda
35,68,45,6.612429546,Cream_Soda
68,69,52,6.813383387000001,Cream_Soda
32,55,52,6.967759599999999,Cream_Soda
32,55,51,6.57398033,Cream_Soda
48,62,47,6.803094965,Cream_Soda
39,69,53,6.964955435,Cream_Soda
49,61,45,6.764213299,Cream_Soda
48,57,54,6.617703177999999,Cream_Soda
69,66,49,6.52711001,Cream_Soda
53,55,55,6.709668804,Cream_Soda
38,61,52,6.620729882000001,Cream_Soda
57,64,55,6.583760498999999,Cream_Soda
51,57,55,6.6764073370000006,Cream_Soda
56,65,45,6.751298936,Cream_Soda
54,66,52,6.867554147000001,Cream_Soda
58,55,47,6.7424900270000006,Cream_Soda
68,70,54,6.986228647000001,Cream_Soda
42,59,55,6.979102243,Cream_Soda
43,64,47,6.8256647820000005,Cream_Soda
35,67,49,6.617066674,Cream_Soda
56,59,55,6.551892637999999,Cream_Soda
39,64,53,6.598860305,Cream_Soda
18,30,29,6.4200187170000005,Energy_Drink
37,23,28,5.7400545670000005,Energy_Drink
13,28,33,5.686972967000001,Energy_Drink
2,21,35,6.293662362999999,Energy_Drink
10,18,35,6.381975465,Energy_Drink
7,11,32,5.542169138999999,Energy_Drink
39,5,31,5.551963184,Energy_Drink
34,6,27,5.8607404810000014,Energy_Drink
31,30,29,5.558807063,Energy_Drink
25,7,35,5.55771171,Energy_Drink
16,18,26,5.568365926,Energy_Drink
26,10,33,6.07071786,Energy_Drink
27,8,32,5.627860548999998,Energy_Drink
37,18,30,6.38488418,Energy_Drink
19,15,34,5.6858890660000005,Energy_Drink
0,19,33,6.234458417000001,Energy_Drink
31,20,26,6.443168642000001,Energy_Drink
9,17,32,5.842317989,Energy_Drink
22,11,29,5.955742971,Energy_Drink
31,6,26,5.741367375,Energy_Drink
34,6,30,5.948342571,Energy_Drink
24,6,32,6.387067562,Energy_Drink
1,8,26,5.562911913,Energy_Drink
31,13,33,5.85971872,Energy_Drink
10,9,28,6.282955072999999,Energy_Drink
36,27,26,6.25449571,Energy_Drink
38,24,33,5.973853124,Energy_Drink
11,6,25,6.081568052000001,Energy_Drink
16,14,30,6.37466756,Energy_Drink
33,14,35,6.027707171,Energy_Drink
16,6,29,5.868285082000001,Energy_Drink
32,11,31,6.205931637999999,Energy_Drink
38,14,30,5.5707453860000005,Energy_Drink
8,6,33,6.095261012999999,Energy_Drink
23,6,33,6.025789594,Energy_Drink
29,25,35,5.542873799,Energy_Drink
24,14,33,6.366219551,Energy_Drink
32,12,30,5.579845008,Energy_Drink
30,25,31,5.804965067,Energy_Drink
14,21,35,6.121005506,Energy_Drink
27,22,29,6.000248647,Energy_Drink
40,5,29,5.820978791,Energy_Drink
17,11,32,5.620733794,Energy_Drink
30,30,35,6.001936419,Energy_Drink
28,10,30,6.305740522000001,Energy_Drink
39,7,29,6.362544111,Energy_Drink
32,20,35,5.588655387,Energy_Drink
7,15,32,6.182232762000001,Energy_Drink
29,17,29,5.959493188,Energy_Drink
34,15,34,5.677282677999999,Energy_Drink
14,23,25,5.6121227970000005,Energy_Drink
18,19,29,6.206077742000001,Energy_Drink
7,21,35,5.764812076,Energy_Drink
24,27,34,6.203376525,Energy_Drink
39,29,29,6.143662699,Energy_Drink
29,8,28,6.100429497,Energy_Drink
10,24,27,5.7084096010000005,Energy_Drink
0,29,32,5.868255858,Energy_Drink
32,11,31,6.461225827000001,Energy_Drink
37,10,32,6.165084855,Energy_Drink
20,29,27,6.047044342,Energy_Drink
31,29,35,6.137102505,Energy_Drink
17,30,27,5.894027065,Energy_Drink
1,12,30,5.56222383,Energy_Drink
6,13,29,5.832608027999999,Energy_Drink
15,28,32,6.2185718739999984,Energy_Drink
27,24,29,6.142010637,Energy_Drink
3,23,30,6.078807239,Energy_Drink
8,26,26,5.702484758,Energy_Drink
20,28,26,5.547594847,Energy_Drink
26,18,27,5.836075368,Energy_Drink
1,6,35,6.231662767,Energy_Drink
27,30,31,5.718120393,Energy_Drink
23,7,34,5.852038202,Energy_Drink
0,26,31,5.547933273,Energy_Drink
38,6,25,6.156259104,Energy_Drink
25,12,26,6.436314406,Energy_Drink
40,5,32,5.981169595,Energy_Drink
0,19,31,6.271952832999999,Energy_Drink
26,9,32,6.470465614,Energy_Drink
35,30,34,6.141502001,Energy_Drink
19,30,30,5.826381164,Energy_Drink
31,13,33,6.342463714,Energy_Drink
17,29,26,6.071897347,Energy_Drink
2,30,30,6.331051715,Energy_Drink
30,13,25,6.413184638,Energy_Drink
8,15,33,5.50158009,Energy_Drink
18,12,35,6.338720873,Energy_Drink
8,28,30,6.015672239,Energy_Drink
40,22,29,5.735364307,Energy_Drink
27,10,33,6.465906333,Energy_Drink
21,20,31,5.855457599,Energy_Drink
3,9,35,6.318552972999999,Energy_Drink
22,16,27,6.006784979,Energy_Drink
27,8,30,6.008386282999999,Energy_Drink
22,8,33,5.665785202,Energy_Drink
28,27,32,5.764615485,Energy_Drink
23,21,26,5.901495543999999,Energy_Drink
37,5,34,5.779032666,Energy_Drink
19,26,29,5.67154928,Energy_Drink
133,47,24,7.231324765,Sports_Drink
136,36,20,6.925412377000001,Sports_Drink
104,47,18,7.633437412,Sports_Drink
133,47,23,6.827354668,Sports_Drink
126,38,23,6.176716425,Sports_Drink
126,50,19,6.6287228360000015,Sports_Drink
113,41,20,7.256877571,Sports_Drink
121,45,22,6.443785385,Sports_Drink
121,47,16,7.7232401510000015,Sports_Drink
129,60,22,5.947448589,Sports_Drink
107,45,25,7.2277455160000015,Sports_Drink
122,59,18,6.219469084,Sports_Drink
140,38,15,6.021439523,Sports_Drink
102,49,21,6.253343655,Sports_Drink
111,40,25,6.187455798999999,Sports_Drink
131,35,18,7.0576933660000005,Sports_Drink
135,43,16,6.720449769,Sports_Drink
100,46,18,6.4316895060000006,Sports_Drink
123,39,24,7.453106264,Sports_Drink
117,56,15,7.368258226,Sports_Drink
121,36,24,7.352401887,Sports_Drink
101,58,18,6.652143699,Sports_Drink
107,42,24,6.144631795,Sports_Drink
100,41,22,7.318802162000001,Sports_Drink
125,39,21,7.954629324,Sports_Drink
105,60,23,6.207652157,Sports_Drink
102,46,19,6.631005298,Sports_Drink
131,49,22,7.306918817000001,Sports_Drink
139,35,15,5.898293044,Sports_Drink
108,36,19,7.238566893,Sports_Drink
118,45,23,7.977651226,Sports_Drink
107,51,22,5.983075895,Sports_Drink
125,60,17,6.785723961,Sports_Drink
113,37,20,7.393441155,Sports_Drink
131,52,16,6.486068274,Sports_Drink
115,48,16,7.175934962,Sports_Drink
113,38,25,7.388265887999999,Sports_Drink
111,41,18,6.10539819,Sports_Drink
111,53,19,6.419536555,Sports_Drink
122,48,16,6.307585854,Sports_Drink
108,46,17,6.93221485,Sports_Drink
132,41,22,7.810865753,Sports_Drink
103,42,17,6.527541661,Sports_Drink
133,50,25,7.569454601,Sports_Drink
127,37,18,7.041065585,Sports_Drink
110,39,25,7.208795456,Sports_Drink
131,38,19,6.814341946,Sports_Drink
108,38,24,7.442217061,Sports_Drink
122,40,17,6.854558957,Sports_Drink
111,50,15,7.884550475,Sports_Drink
140,40,17,6.006085786,Sports_Drink
100,40,20,7.432043735,Sports_Drink
123,50,16,6.498052108,Sports_Drink
107,36,21,6.205263534,Sports_Drink
118,50,19,6.360812227,Sports_Drink
103,51,20,7.0466074339999984,Sports_Drink
133,57,19,7.947011366,Sports_Drink
129,47,20,6.281913857999999,Sports_Drink
116,52,19,6.114525877,Sports_Drink
114,40,23,6.7539780610000015,Sports_Drink
131,60,17,7.4250413160000015,Sports_Drink
107,43,18,6.745104394,Sports_Drink
123,44,21,7.6411165689999985,Sports_Drink
112,49,25,6.470135478,Sports_Drink
119,44,15,7.091992365,Sports_Drink
130,59,19,6.520403794,Sports_Drink
127,53,24,6.127939627999999,Sports_Drink
134,52,18,7.994679507000001,Sports_Drink
109,36,18,7.524707577,Sports_Drink
100,48,17,7.827877817999999,Sports_Drink
132,52,19,6.436691764,Sports_Drink
102,37,25,5.907930899,Sports_Drink
111,39,22,6.135025006,Sports_Drink
117,51,15,6.044556594,Sports_Drink
136,36,24,7.59781958,Sports_Drink
134,56,18,6.691268104,Sports_Drink
112,54,15,6.1754923060000015,Sports_Drink
105,56,15,7.272316208999999,Sports_Drink
140,45,15,5.801047545,Sports_Drink
126,46,25,6.757457943,Sports_Drink
106,49,24,6.983395572999999,Sports_Drink
121,53,19,7.976889497999999,Sports_Drink
108,60,17,6.558902588,Sports_Drink
116,56,17,7.979090365,Sports_Drink
100,52,19,7.903528672999999,Sports_Drink
129,43,16,6.73210948,Sports_Drink
118,44,23,6.6916904760000016,Sports_Drink
117,43,25,7.839849298,Sports_Drink
126,37,21,6.61448588,Sports_Drink
120,48,16,7.456971816,Sports_Drink
102,45,16,7.2942193,Sports_Drink
131,56,20,7.762647875,Sports_Drink
114,40,17,6.363406102000001,Sports_Drink
101,37,18,7.63737841,Sports_Drink
106,46,20,6.2006719760000015,Sports_Drink
113,38,20,6.364729934,Sports_Drink
102,53,21,6.913678684,Sports_Drink
110,39,18,7.766259768999999,Sports_Drink
107,58,15,7.55606399,Sports_Drink
120,60,15,7.288377241,Sports_Drink
89,47,38,6.002524871,Iced_Tea
60,37,39,6.033485257000001,Iced_Tea
63,41,45,7.121933578999999,Iced_Tea
86,40,39,6.207459637,Iced_Tea
96,41,40,6.090060478,Iced_Tea
100,35,36,6.346715209,Iced_Tea
63,37,43,6.661957897000001,Iced_Tea
70,43,40,6.176860192,Iced_Tea
67,55,44,7.251847296,Iced_Tea
74,40,40,6.386259977999999,Iced_Tea
89,53,44,7.319735475,Iced_Tea
74,46,45,6.025028997000001,Iced_Tea
89,41,38,6.344751947000001,Iced_Tea
60,55,40,7.02777956,Iced_Tea
67,43,38,7.299304715,Iced_Tea
70,38,35,7.014063944,Iced_Tea
74,49,38,7.4880144039999985,Iced_Tea
90,40,39,6.626503893,Iced_Tea
82,35,44,6.239011,Iced_Tea
73,45,37,6.742688094,Iced_Tea
85,53,38,6.588017308,Iced_Tea
81,56,36,7.097586415,Iced_Tea
84,55,38,6.956682742999999,Iced_Tea
80,45,42,7.380396262,Iced_Tea
76,54,45,6.176618831,Iced_Tea
76,56,39,6.551130445,Iced_Tea
81,40,45,6.427726565,Iced_Tea
76,44,45,6.740947635,Iced_Tea
69,47,40,6.130136384,Iced_Tea
82,40,45,6.667633355,Iced_Tea
69,57,35,6.1868143920000005,Iced_Tea
81,36,38,6.334837865,Iced_Tea
67,60,38,7.16214284,Iced_Tea
72,51,40,7.422318499,Iced_Tea
65,39,45,6.768001309,Iced_Tea
78,50,43,6.348441469,Iced_Tea
77,52,41,6.097294061,Iced_Tea
89,52,42,6.14132902,Iced_Tea
62,49,37,7.479248124,Iced_Tea
90,48,45,6.509174788999999,Iced_Tea
66,47,36,6.57256106,Iced_Tea
80,52,39,7.165696848,Iced_Tea
89,52,45,7.207457207999999,Iced_Tea
77,51,44,7.124333547000001,Iced_Tea
94,37,41,6.4635387070000005,Iced_Tea
75,41,35,6.856833064,Iced_Tea
60,55,36,7.132389299,Iced_Tea
62,56,35,6.235357637999999,Iced_Tea
84,40,42,6.704273839,Iced_Tea
100,56,40,7.433313409,Iced_Tea
75,56,44,6.109478059,Iced_Tea
78,46,42,7.095413294,Iced_Tea
82,48,36,6.352076782999999,Iced_Tea
100,58,41,6.6587699910000016,Iced_Tea
88,50,40,7.0518224720000005,Iced_Tea
67,41,40,7.333143205,Iced_Tea
72,42,43,6.352771037,Iced_Tea
89,40,43,7.124050134,Iced_Tea
89,57,43,6.998787171,Iced_Tea
61,41,44,6.537914957999999,Iced_Tea
79,45,43,7.171054239,Iced_Tea
84,40,43,7.228268227999999,Iced_Tea
98,43,35,7.319952206,Iced_Tea
75,36,44,6.613341342999999,Iced_Tea
89,58,35,6.096838784,Iced_Tea
91,41,37,6.132570522999999,Iced_Tea
77,48,36,7.36008498,Iced_Tea
66,58,35,7.321619041,Iced_Tea
62,59,41,7.175170657000001,Iced_Tea
82,35,35,7.299076163,Iced_Tea
61,41,35,6.842966478999998,Iced_Tea
99,57,38,6.356295567999999,Iced_Tea
70,42,43,6.508342839,Iced_Tea
90,59,35,7.098227926,Iced_Tea
73,43,42,6.310699968,Iced_Tea
67,46,44,7.093328631,Iced_Tea
84,37,42,6.691074249,Iced_Tea
72,41,36,6.187746776,Iced_Tea
71,56,37,6.491506245,Iced_Tea
64,53,38,6.855362875,Iced_Tea
65,54,39,7.124571593,Iced_Tea
60,58,37,6.067302109,Iced_Tea
86,39,43,6.432051512,Iced_Tea
90,50,44,6.253408852000001,Iced_Tea
91,38,36,7.287318722999999,Iced_Tea
87,48,38,7.161865733,Iced_Tea
72,41,36,6.065898282999999,Iced_Tea
71,54,35,7.311077075,Iced_Tea
82,46,41,6.581693772,Iced_Tea
71,52,43,6.732826127,Iced_Tea
80,43,43,6.014572075,Iced_Tea
77,55,43,6.663559451,Iced_Tea
95,57,41,6.434610995,Iced_Tea
63,47,35,7.432768147000001,Iced_Tea
93,43,38,6.987332927000001,Iced_Tea
87,44,43,6.718725189,Iced_Tea
88,52,39,6.880204617,Iced_Tea
90,39,37,6.86106911,Iced_Tea
90,39,43,6.7693455,Iced_Tea
84,38,43,7.26158085,Iced_Tea
91,21,26,7.261313694,Lemonade
107,21,26,7.235070264,Lemonade
83,38,35,7.18915558,Lemonade
108,24,31,6.431899747999999,Lemonade
116,28,34,6.42321105,Lemonade
116,23,25,6.869720196,Lemonade
109,31,27,6.973839707000001,Lemonade
89,25,34,7.184801627000001,Lemonade
118,18,32,6.351823783,Lemonade
111,32,34,6.392048018,Lemonade
84,36,28,6.119892347,Lemonade
85,33,25,6.910823945,Lemonade
99,15,27,6.501157208,Lemonade
81,30,31,7.027585558999999,Lemonade
95,39,29,7.13411409,Lemonade
81,34,30,6.6477659970000005,Lemonade
80,15,28,6.703270635,Lemonade
104,20,26,7.493191968,Lemonade
109,29,28,6.724688502999999,Lemonade
100,32,26,6.043485685,Lemonade
100,24,28,7.101661011,Lemonade
83,21,28,7.466900682999999,Lemonade
120,23,28,6.877799264,Lemonade
104,26,30,6.410992833,Lemonade
108,33,31,7.393825704,Lemonade
91,25,26,7.482414225,Lemonade
86,26,27,6.081172981,Lemonade
98,18,27,6.516312148,Lemonade
111,27,31,6.0433309510000015,Lemonade
84,39,35,6.959404135,Lemonade
98,27,27,7.238109556,Lemonade
118,21,34,7.234258375,Lemonade
103,27,31,6.691541233,Lemonade
82,24,33,6.809593554,Lemonade
86,31,35,6.485761419,Lemonade
88,35,35,6.784460602,Lemonade
84,27,29,7.167092586,Lemonade
120,40,33,6.73410539,Lemonade
106,40,30,6.779984384,Lemonade
113,21,33,7.277422737999999,Lemonade
117,34,25,7.21270048,Lemonade
80,30,25,7.487266991,Lemonade
88,21,27,7.231166546,Lemonade
113,33,34,6.559817161000002,Lemonade
87,23,28,6.979590627,Lemonade
113,15,29,6.779230041,Lemonade
98,29,30,6.217974349,Lemonade
97,29,27,7.205078785,Lemonade
85,35,32,6.854011265,Lemonade
82,29,35,6.246872394,Lemonade
103,33,25,6.911066044,Lemonade
112,17,28,6.777417989,Lemonade
99,19,33,6.273741983,Lemonade
120,20,34,6.906124587000001,Lemonade
114,27,28,7.162802357,Lemonade
100,40,35,6.9557873510000015,Lemonade
108,35,25,6.971963169,Lemonade
115,31,30,6.840927967000001,Lemonade
87,28,30,6.536676653,Lemonade
82,24,26,6.089443602999999,Lemonade
94,26,27,7.456460375,Lemonade
87,28,35,6.759211911,Lemonade
118,40,35,7.460174812000001,Lemonade
87,38,29,6.652642579,Lemonade
92,40,30,6.026287448,Lemonade
97,22,26,6.074190142000001,Lemonade
99,40,32,7.0455430560000005,Lemonade
89,28,33,6.9932360010000005,Lemonade
112,39,29,6.726528895,Lemonade
111,28,26,6.937352845,Lemonade
114,20,26,7.27905689,Lemonade
117,26,30,7.079850922,Lemonade
111,29,31,6.136286518,Lemonade
119,30,28,6.5052036960000015,Lemonade
116,40,33,7.042089492000001,Lemonade
95,37,35,6.348337518999998,Lemonade
86,40,33,7.432322234,Lemonade
117,37,32,6.787658922,Lemonade
105,18,35,6.743417121,Lemonade
109,23,25,7.00733163,Lemonade
80,18,31,7.303033217,Lemonade
101,31,26,6.861235184,Lemonade
103,33,33,7.131435858,Lemonade
93,26,27,7.288211994,Lemonade
104,35,28,6.983732393,Lemonade
116,36,25,6.172090205,Lemonade
107,38,29,6.35118177,Lemonade
101,33,33,6.908671378999999,Lemonade
107,31,31,6.766184468,Lemonade
99,16,30,6.392791654,Lemonade
103,40,30,6.3483162570000005,Lemonade
118,31,34,6.123796057000001,Lemonade
106,21,35,7.4285236339999985,Lemonade
116,38,34,6.020947179,Lemonade
97,35,26,6.334610249,Lemonade
107,34,32,6.78006386,Lemonade
99,15,27,6.086922359,Lemonade
118,33,30,6.362607851,Lemonade
117,32,34,6.758792552,Lemonade
104,18,30,6.779832611000002,Lemonade
